user_id,user_age,gender,country,subscription_plan
1,18,Male,India,Premium
2,21,Male,USA,Family
3,27,Male,India,Premium
4,33,Male,India,Premium
5,34,Female,India,Premium
6,59,Female,India,Student
7,40,Female,India,Basic
8,34,Male,USA,Basic
9,45,Male,UK,Premium
10,38,Female,India,Family
11,41,Male,India,Basic
12,62,Male,India,Standard
13,20,Male,India,Basic
14,29,Female,Australia,Standard
15,29,Female,Canada,Premium
16,51,Female,India,Premium
17,19,Female,India,Basic
18,49,Female,India,Family
19,23,Male,India,Standard
20,38,Male,UK,Standard
21,53,Male,USA,Family
22,33,Female,India,Standard
23,58,Male,India,Standard
24,52,Male,India,Standard
25,47,Male,India,Standard
26,57,Female,India,Standard
27,20,Female,India,Basic
28,18,Male,India,Premium
29,53,Female,India,Standard
30,22,Male,India,Basic
31,24,Male,USA,Family
32,18,Female,USA,Family
33,54,Female,Australia,Standard
34,35,Male,India,Premium
35,34,Female,India,Student
36,19,Male,Australia,Standard
37,51,Female,UK,Standard
38,65,Male,India,Premium
39,45,Male,USA,Basic
40,40,Female,Australia,Basic
41,55,Female,India,Standard
42,31,Female,India,Premium
43,53,Female,Australia,Standard
44,24,Female,India,Basic
45,18,Female,India,Family
46,27,Female,USA,Premium
47,38,Female,Australia,Family
48,34,Female,India,Standard
49,47,Male,Canada,Student
50,40,Male,India,Basic
51,60,Female,India,Basic
52,30,Female,Australia,Standard
53,56,Male,UK,Basic
54,25,Female,Canada,Standard
55,25,Male,Canada,Premium
56,39,Female,India,Standard
57,50,Male,USA,Standard
58,52,Male,India,Premium
59,20,Male,USA,Standard
60,65,Male,Australia,Basic
61,37,Female,India,Family
62,32,Female,India,Standard
63,24,Male,USA,Standard
64,40,Male,India,Basic
65,63,Female,Australia,Student
66,50,Male,Canada,Premium
67,56,Male,India,Premium
68,62,Male,USA,Standard
69,51,Male,India,Basic
70,45,Male,UK,Premium
71,20,Male,India,Basic
72,36,Male,India,Basic
73,31,Female,India,Basic
74,25,Male,India,Standard
75,18,Female,UK,Standard
76,21,Male,India,Family
77,27,Female,Canada,Premium
78,19,Male,India,Student
79,29,Female,India,Standard
80,39,Male,India,Basic
81,65,Male,India,Standard
82,56,Female,Australia,Premium
83,35,Female,India,Basic
84,18,Male,India,Premium
85,42,Female,Australia,Student
86,57,Female,India,Basic
87,46,Female,Australia,Student
88,44,Male,India,Premium
89,30,Female,India,Premium
90,53,Male,India,Premium
91,57,Female,India,Premium
92,32,Female,India,Standard
93,37,Male,India,Basic
94,52,Male,India,Student
95,48,Male,India,Standard
96,56,Male,UK,Standard
97,54,Female,India,Basic
98,40,Female,USA,Standard
99,51,Female,India,Basic
100,36,Male,USA,Premium
101,59,Female,India,Basic
102,53,Female,India,Standard
103,32,Male,USA,Standard
104,48,Female,India,Standard
105,53,Female,UK,Family
106,65,Male,India,Family
107,20,Male,India,Student
108,21,Female,Canada,Basic
109,19,Male,India,Premium
110,43,Female,India,Family
111,35,Male,India,Premium
112,38,Male,Australia,Standard
113,48,Female,India,Family
114,47,Male,UK,Standard
115,48,Female,India,Basic
116,39,Female,UK,Standard
117,42,Female,India,Standard
118,25,Female,India,Basic
119,33,Male,Canada,Standard
120,50,Male,Canada,Basic
121,26,Female,India,Premium
122,43,Female,India,Premium
123,42,Female,Canada,Premium
124,55,Female,UK,Premium
125,41,Male,India,Basic
126,57,Female,India,Standard
127,63,Female,UK,Standard
128,20,Female,India,Family
129,35,Female,India,Basic
130,49,Female,India,Standard
131,45,Female,India,Basic
132,42,Male,India,Standard
133,50,Male,India,Standard
134,22,Male,UK,Premium
135,24,Female,India,Family
136,18,Male,USA,Student
137,38,Female,Canada,Premium
138,52,Female,India,Basic
139,38,Male,India,Premium
140,54,Male,India,Basic
141,22,Female,India,Student
142,43,Female,India,Family
143,50,Female,India,Basic
144,60,Female,India,Standard
145,62,Female,India,Student
146,32,Female,USA,Premium
147,36,Female,India,Family
148,35,Female,Canada,Student
149,30,Female,India,Student
150,40,Male,Australia,Family
151,35,Male,UK,Student
152,30,Female,India,Standard
153,21,Male,USA,Premium
154,54,Male,Australia,Premium
155,39,Female,India,Basic
156,59,Female,India,Basic
157,38,Male,Australia,Standard
158,44,Male,UK,Premium
159,43,Female,India,Premium
160,55,Male,India,Standard
161,49,Female,UK,Basic
162,52,Male,USA,Premium
163,21,Male,India,Standard
164,29,Female,India,Basic
165,46,Male,India,Standard
166,64,Female,UK,Student
167,33,Female,Australia,Premium
168,21,Male,India,Premium
169,37,Male,India,Student
170,40,Male,India,Student
171,28,Female,India,Standard
172,57,Female,USA,Basic
173,28,Male,India,Premium
174,65,Male,India,Standard
175,29,Female,USA,Standard
176,52,Female,India,Standard
177,52,Male,India,Basic
178,48,Female,India,Basic
179,38,Male,Canada,Standard
180,43,Male,India,Standard
181,55,Female,India,Family
182,22,Female,India,Premium
183,31,Female,India,Standard
184,36,Female,Canada,Basic
185,46,Female,India,Student
186,64,Male,Canada,Basic
187,54,Female,Australia,Premium
188,37,Female,Australia,Student
189,30,Female,India,Premium
190,32,Female,USA,Premium
191,34,Female,Canada,Standard
192,24,Female,Canada,Standard
193,63,Male,India,Premium
194,63,Male,Australia,Family
195,26,Male,Australia,Student
196,21,Male,Australia,Premium
197,28,Male,India,Premium
198,43,Female,Australia,Premium
199,39,Male,India,Family
200,29,Female,India,Student
201,48,Male,Canada,Student
202,44,Male,USA,Basic
203,33,Male,India,Standard
204,42,Female,UK,Standard
205,33,Female,Canada,Standard
206,56,Female,UK,Family
207,44,Male,India,Student
208,32,Female,India,Standard
209,27,Female,India,Basic
210,28,Male,India,Standard
211,50,Female,India,Student
212,27,Male,India,Premium
213,45,Female,India,Premium
214,51,Female,India,Premium
215,61,Female,India,Standard
216,45,Male,India,Standard
217,47,Female,India,Standard
218,41,Male,USA,Standard
219,44,Male,India,Premium
220,24,Male,UK,Basic
221,40,Male,Australia,Family
222,32,Male,India,Standard
223,57,Female,India,Basic
224,48,Male,India,Family
225,24,Female,India,Basic
226,18,Female,India,Standard
227,40,Male,Canada,Standard
228,48,Female,India,Student
229,38,Female,India,Basic
230,60,Female,India,Standard
231,42,Male,India,Standard
232,55,Female,Australia,Premium
233,43,Female,USA,Standard
234,41,Male,India,Standard
235,61,Male,USA,Standard
236,59,Male,India,Premium
237,55,Male,India,Basic
238,22,Male,India,Standard
239,36,Male,India,Premium
240,29,Male,UK,Student
241,60,Male,USA,Basic
242,52,Female,India,Family
243,28,Female,India,Family
244,30,Male,India,Student
245,62,Female,Canada,Standard
246,24,Male,India,Standard
247,21,Female,Australia,Basic
248,36,Male,India,Family
249,50,Male,USA,Student
250,36,Female,India,Basic
251,29,Male,India,Standard
252,29,Female,USA,Student
253,44,Male,India,Standard
254,22,Male,India,Basic
255,31,Female,USA,Standard
256,42,Female,Canada,Student
257,60,Male,India,Family
258,30,Female,India,Premium
259,51,Female,India,Basic
260,62,Male,India,Premium
261,45,Male,India,Premium
262,31,Male,India,Basic
263,54,Female,India,Standard
264,35,Male,India,Basic
265,40,Male,USA,Basic
266,58,Male,India,Standard
267,64,Female,India,Standard
268,21,Male,India,Family
269,29,Male,Australia,Family
270,56,Male,USA,Standard
271,40,Female,India,Basic
272,45,Male,India,Standard
273,50,Female,Canada,Student
274,64,Male,Canada,Standard
275,20,Female,India,Basic
276,43,Male,India,Basic
277,36,Female,USA,Standard
278,22,Female,India,Student
279,65,Male,India,Student
280,36,Female,India,Premium
281,58,Male,India,Premium
282,42,Male,India,Student
283,18,Male,India,Basic
284,46,Female,India,Premium
285,51,Male,India,Student
286,44,Female,India,Standard
287,56,Female,India,Standard
288,46,Female,Canada,Basic
289,40,Female,India,Student
290,23,Male,India,Premium
291,30,Male,Canada,Standard
292,36,Male,India,Basic
293,64,Female,India,Premium
294,54,Male,UK,Basic
295,43,Male,Canada,Basic
296,65,Male,India,Student
297,41,Female,India,Student
298,46,Female,Canada,Student
299,35,Female,India,Standard
300,41,Male,USA,Student
301,52,Female,USA,Premium
302,20,Female,India,Student
303,18,Male,Australia,Standard
304,34,Female,India,Family
305,59,Female,India,Standard
306,27,Female,India,Standard
307,26,Male,India,Student
308,49,Female,India,Standard
309,51,Male,Canada,Standard
310,24,Female,Canada,Premium
311,29,Male,India,Standard
312,59,Male,India,Student
313,37,Female,India,Premium
314,24,Female,Australia,Premium
315,55,Female,Australia,Basic
316,32,Female,India,Premium
317,57,Female,India,Premium
318,33,Female,India,Family
319,58,Female,India,Basic
320,65,Female,India,Basic
321,35,Male,India,Premium
322,20,Female,India,Standard
323,56,Female,India,Student
324,31,Male,India,Basic
325,22,Male,USA,Premium
326,46,Male,USA,Premium
327,33,Female,India,Premium
328,38,Female,India,Student
329,39,Male,Canada,Student
330,59,Male,Australia,Student
331,50,Male,USA,Standard
332,52,Male,India,Basic
333,45,Female,India,Basic
334,65,Male,UK,Student
335,20,Female,India,Standard
336,58,Female,India,Premium
337,64,Male,India,Premium
338,32,Female,India,Student
339,35,Female,USA,Premium
340,25,Female,Canada,Family
341,54,Female,USA,Family
342,51,Female,Canada,Basic
343,38,Female,USA,Student
344,47,Female,Australia,Standard
345,48,Male,India,Premium
346,60,Male,India,Standard
347,29,Male,Australia,Premium
348,22,Female,India,Family
349,54,Male,Australia,Premium
350,35,Male,India,Basic
351,46,Female,India,Basic
352,19,Male,India,Premium
353,34,Female,India,Standard
354,31,Male,India,Premium
355,36,Female,India,Student
356,54,Male,India,Basic
357,50,Female,India,Standard
358,62,Female,India,Family
359,46,Female,USA,Family
360,57,Female,India,Student
361,47,Male,India,Student
362,38,Male,Canada,Premium
363,49,Male,UK,Premium
364,58,Male,USA,Basic
365,37,Male,India,Standard
366,55,Male,India,Basic
367,48,Female,India,Student
368,42,Male,India,Student
369,42,Male,India,Standard
370,50,Male,Canada,Family
371,29,Female,India,Family
372,24,Female,India,Standard
373,46,Female,India,Student
374,38,Female,USA,Standard
375,64,Female,India,Basic
376,22,Male,USA,Basic
377,52,Male,India,Student
378,51,Male,India,Family
379,27,Male,India,Family
380,39,Male,India,Student
381,52,Female,UK,Student
382,51,Female,Australia,Standard
383,47,Female,UK,Standard
384,51,Female,India,Standard
385,18,Male,India,Standard
386,57,Female,USA,Standard
387,43,Male,USA,Standard
388,27,Male,USA,Premium
389,51,Female,India,Standard
390,21,Female,Canada,Standard
391,31,Female,India,Standard
392,61,Female,Canada,Standard
393,30,Male,India,Standard
394,54,Female,India,Premium
395,53,Male,India,Standard
396,36,Female,India,Standard
397,36,Male,Canada,Basic
398,55,Female,Canada,Basic
399,36,Female,India,Basic
400,60,Male,India,Premium
401,18,Female,India,Premium
402,35,Male,India,Standard
403,42,Female,India,Premium
404,39,Male,India,Family
405,26,Female,India,Premium
406,49,Female,India,Student
407,43,Female,Australia,Basic
408,41,Male,India,Basic
409,55,Female,India,Student
410,62,Male,India,Premium
411,53,Female,India,Standard
412,29,Male,USA,Student
413,26,Male,India,Premium
414,42,Female,India,Basic
415,22,Male,India,Student
416,20,Male,USA,Student
417,19,Male,India,Standard
418,48,Female,India,Premium
419,45,Male,India,Basic
420,41,Female,India,Family
421,59,Female,India,Family
422,22,Female,India,Basic
423,39,Male,India,Basic
424,34,Male,India,Student
425,44,Male,India,Standard
426,35,Female,India,Premium
427,56,Male,India,Premium
428,34,Female,India,Standard
429,20,Female,India,Standard
430,30,Female,India,Student
431,31,Male,Canada,Student
432,37,Male,India,Standard
433,50,Female,Australia,Premium
434,27,Female,USA,Basic
435,29,Female,India,Family
436,53,Female,India,Standard
437,27,Male,India,Basic
438,41,Female,India,Premium
439,35,Female,India,Basic
440,64,Male,Canada,Premium
441,18,Male,India,Premium
442,44,Male,India,Student
443,50,Male,India,Premium
444,30,Male,India,Standard
445,65,Male,Australia,Standard
446,34,Female,India,Basic
447,37,Male,India,Standard
448,41,Male,India,Basic
449,24,Female,India,Standard
450,38,Female,Australia,Standard
451,63,Female,USA,Student
452,18,Female,India,Student
453,60,Female,UK,Basic
454,34,Female,India,Premium
455,47,Female,Canada,Student
456,64,Female,India,Premium
457,25,Female,UK,Student
458,25,Female,India,Standard
459,60,Male,India,Premium
460,26,Male,India,Standard
461,65,Male,India,Standard
462,18,Female,India,Basic
463,43,Male,India,Student
464,58,Female,Australia,Standard
465,40,Female,India,Student
466,58,Male,Canada,Student
467,60,Male,UK,Basic
468,50,Male,USA,Student
469,53,Male,India,Basic
470,33,Male,Australia,Student
471,40,Male,India,Basic
472,51,Female,India,Basic
473,64,Female,Australia,Premium
474,50,Female,India,Premium
475,53,Male,Canada,Premium
476,56,Female,India,Standard
477,59,Female,India,Student
478,26,Male,India,Premium
479,24,Female,India,Standard
480,23,Male,India,Standard
481,62,Male,India,Basic
482,59,Male,India,Premium
483,28,Male,Canada,Premium
484,30,Female,India,Standard
485,49,Male,India,Premium
486,25,Male,USA,Standard
487,20,Male,India,Standard
488,24,Female,India,Premium
489,43,Male,India,Basic
490,57,Female,India,Student
491,46,Male,USA,Family
492,36,Male,India,Standard
493,55,Male,USA,Standard
494,60,Male,UK,Basic
495,54,Male,India,Basic
496,27,Female,India,Premium
497,35,Female,India,Standard
498,21,Male,India,Standard
499,64,Male,India,Basic
500,44,Male,UK,Basic
501,60,Male,India,Standard
502,47,Male,Canada,Standard
503,27,Female,India,Standard
504,41,Male,India,Student
505,64,Female,Canada,Premium
506,46,Female,India,Premium
507,18,Male,India,Family
508,42,Female,India,Family
509,26,Female,India,Premium
510,22,Male,UK,Premium
511,44,Female,USA,Student
512,25,Male,India,Standard
513,23,Male,Canada,Premium
514,52,Female,India,Standard
515,62,Male,Australia,Premium
516,49,Female,UK,Family
517,27,Male,India,Standard
518,22,Female,UK,Basic
519,30,Female,India,Standard
520,61,Male,Canada,Basic
521,61,Female,India,Student
522,43,Male,India,Standard
523,37,Male,India,Premium
524,34,Female,India,Standard
525,56,Male,India,Premium
526,34,Male,USA,Student
527,61,Female,India,Standard
528,49,Female,Australia,Premium
529,58,Male,India,Student
530,19,Female,USA,Basic
531,23,Female,Australia,Premium
532,44,Female,India,Standard
533,60,Male,India,Standard
534,21,Male,India,Premium
535,27,Female,India,Premium
536,57,Male,India,Premium
537,24,Male,USA,Student
538,61,Male,Canada,Student
539,52,Male,USA,Basic
540,52,Male,UK,Family
541,40,Female,India,Basic
542,41,Female,India,Standard
543,63,Female,USA,Premium
544,41,Male,India,Premium
545,29,Male,India,Student
546,44,Female,India,Standard
547,59,Female,India,Basic
548,42,Female,India,Standard
549,24,Female,India,Family
550,41,Male,USA,Standard
551,48,Female,India,Standard
552,23,Female,India,Premium
553,51,Female,India,Standard
554,42,Female,India,Standard
555,58,Male,USA,Basic
556,64,Female,India,Standard
557,25,Male,India,Premium
558,36,Male,India,Premium
559,42,Male,Canada,Standard
560,55,Female,India,Standard
561,42,Female,India,Family
562,41,Male,India,Family
563,48,Male,UK,Premium
564,45,Female,USA,Basic
565,54,Male,India,Standard
566,19,Female,India,Standard
567,36,Female,UK,Standard
568,27,Female,USA,Basic
569,32,Female,India,Premium
570,36,Male,Australia,Basic
571,43,Male,UK,Premium
572,65,Male,UK,Premium
573,65,Female,Australia,Standard
574,48,Female,India,Premium
575,50,Male,India,Family
576,33,Male,India,Basic
577,64,Male,India,Student
578,20,Male,India,Standard
579,41,Female,USA,Basic
580,32,Male,India,Student
581,29,Male,USA,Premium
582,48,Male,Australia,Standard
583,19,Female,India,Premium
584,50,Female,UK,Standard
585,19,Male,India,Standard
586,29,Male,USA,Standard
587,28,Female,USA,Standard
588,37,Male,UK,Premium
589,60,Male,USA,Basic
590,56,Male,India,Standard
591,62,Male,India,Premium
592,18,Female,UK,Basic
593,54,Female,India,Basic
594,38,Male,Canada,Standard
595,32,Male,USA,Basic
596,37,Male,India,Standard
597,30,Male,UK,Standard
598,45,Male,Canada,Premium
599,53,Female,India,Basic
600,61,Male,India,Student
601,49,Male,India,Premium
602,55,Female,UK,Basic
603,62,Female,India,Premium
604,55,Male,India,Family
605,20,Male,UK,Basic
606,33,Female,Australia,Basic
607,46,Male,India,Standard
608,59,Male,India,Basic
609,62,Female,India,Student
610,19,Male,India,Standard
611,48,Female,India,Family
612,44,Male,India,Basic
613,25,Female,India,Family
614,23,Male,India,Premium
615,34,Female,India,Basic
616,33,Female,India,Premium
617,44,Female,Canada,Standard
618,46,Female,UK,Basic
619,26,Female,India,Student
620,49,Male,Canada,Premium
621,38,Male,India,Student
622,19,Female,India,Premium
623,34,Female,India,Standard
624,21,Male,India,Basic
625,36,Male,Canada,Premium
626,35,Male,Canada,Premium
627,61,Female,Australia,Premium
628,45,Female,Canada,Basic
629,46,Female,USA,Premium
630,47,Male,Australia,Family
631,24,Male,India,Premium
632,51,Male,Australia,Standard
633,38,Male,India,Family
634,29,Male,India,Premium
635,40,Female,India,Basic
636,50,Male,India,Premium
637,56,Male,Canada,Student
638,57,Male,India,Premium
639,47,Male,India,Premium
640,19,Male,India,Student
641,55,Female,USA,Family
642,41,Female,India,Standard
643,55,Male,Australia,Premium
644,62,Female,USA,Standard
645,51,Female,India,Premium
646,55,Female,India,Premium
647,62,Female,India,Premium
648,31,Male,India,Standard
649,43,Male,India,Standard
650,45,Female,Australia,Basic
651,25,Male,India,Premium
652,61,Male,UK,Student
653,49,Female,India,Premium
654,33,Male,USA,Basic
655,50,Female,India,Premium
656,19,Male,India,Standard
657,26,Male,India,Premium
658,58,Female,India,Family
659,27,Female,India,Premium
660,45,Female,India,Standard
661,20,Female,India,Premium
662,42,Male,India,Premium
663,49,Female,Canada,Student
664,36,Female,Canada,Premium
665,53,Female,UK,Standard
666,44,Male,UK,Student
667,33,Male,India,Standard
668,33,Male,India,Premium
669,35,Male,Australia,Premium
670,60,Male,India,Family
671,33,Male,Canada,Standard
672,57,Female,India,Premium
673,34,Male,India,Standard
674,19,Female,Australia,Premium
675,34,Male,India,Basic
676,24,Female,Canada,Basic
677,63,Female,USA,Student
678,35,Male,India,Basic
679,63,Female,Canada,Premium
680,49,Male,USA,Basic
681,60,Female,India,Premium
682,22,Female,India,Premium
683,40,Female,Australia,Premium
684,61,Male,India,Standard
685,52,Female,India,Premium
686,54,Male,India,Standard
687,31,Male,Australia,Premium
688,51,Female,India,Basic
689,32,Female,Australia,Family
690,56,Male,India,Premium
691,62,Male,India,Basic
692,29,Female,India,Family
693,45,Male,India,Student
694,38,Male,India,Basic
695,43,Female,Australia,Basic
696,42,Male,India,Premium
697,41,Male,UK,Family
698,33,Female,India,Basic
699,56,Male,India,Premium
700,59,Male,India,Standard
701,44,Female,India,Premium
702,57,Female,India,Premium
703,20,Male,USA,Standard
704,58,Male,Australia,Standard
705,36,Female,India,Premium
706,18,Female,India,Family
707,57,Male,India,Premium
708,31,Male,India,Premium
709,51,Male,UK,Student
710,64,Female,Canada,Standard
711,59,Male,India,Standard
712,36,Male,Canada,Standard
713,24,Male,Australia,Standard
714,50,Female,USA,Premium
715,56,Female,India,Premium
716,49,Female,India,Student
717,19,Female,India,Premium
718,23,Male,India,Basic
719,20,Male,India,Family
720,35,Female,India,Standard
721,53,Female,USA,Standard
722,31,Male,India,Basic
723,33,Male,India,Premium
724,30,Male,India,Student
725,51,Male,India,Basic
726,50,Male,India,Student
727,29,Male,India,Standard
728,61,Female,India,Premium
729,65,Female,UK,Standard
730,53,Male,India,Standard
731,26,Male,India,Premium
732,20,Male,Canada,Basic
733,51,Male,India,Basic
734,37,Female,Australia,Student
735,42,Male,India,Premium
736,22,Female,India,Family
737,29,Male,India,Student
738,31,Female,India,Premium
739,37,Male,India,Basic
740,41,Female,India,Basic
741,65,Female,India,Student
742,55,Female,India,Standard
743,40,Female,India,Standard
744,50,Male,USA,Standard
745,25,Male,USA,Student
746,20,Female,India,Student
747,55,Male,India,Basic
748,20,Male,India,Student
749,25,Male,India,Premium
750,36,Male,India,Student
751,64,Male,USA,Student
752,59,Female,USA,Student
753,49,Female,UK,Standard
754,27,Female,USA,Basic
755,44,Female,USA,Premium
756,22,Female,India,Premium
757,38,Female,India,Standard
758,23,Male,UK,Premium
759,63,Male,Australia,Family
760,21,Female,India,Premium
761,30,Male,India,Student
762,28,Female,UK,Student
763,33,Male,Australia,Student
764,34,Female,USA,Basic
765,35,Female,India,Standard
766,26,Male,USA,Premium
767,21,Male,India,Basic
768,55,Male,USA,Premium
769,48,Female,India,Student
770,61,Female,India,Student
771,46,Male,India,Standard
772,31,Female,India,Premium
773,62,Female,USA,Premium
774,38,Female,UK,Student
775,43,Female,India,Student
776,21,Female,India,Premium
777,61,Male,India,Student
778,59,Female,Australia,Basic
779,42,Male,India,Premium
780,65,Male,India,Student
781,37,Female,India,Premium
782,43,Male,Australia,Premium
783,25,Female,USA,Premium
784,52,Male,India,Premium
785,28,Female,India,Family
786,38,Female,UK,Basic
787,18,Male,India,Student
788,62,Female,India,Premium
789,30,Male,Australia,Basic
790,29,Male,USA,Premium
791,63,Female,India,Premium
792,18,Male,USA,Basic
793,26,Female,India,Standard
794,35,Female,USA,Premium
795,49,Female,Canada,Basic
796,65,Female,India,Standard
797,18,Male,India,Standard
798,30,Male,UK,Premium
799,57,Female,India,Premium
800,21,Female,USA,Family
801,19,Female,India,Basic
802,21,Female,India,Family
803,18,Male,India,Student
804,61,Male,USA,Standard
805,37,Male,India,Family
806,43,Male,Australia,Student
807,45,Male,India,Standard
808,51,Male,UK,Basic
809,36,Male,Australia,Family
810,46,Female,India,Premium
811,39,Female,UK,Premium
812,53,Male,UK,Family
813,36,Male,UK,Premium
814,20,Male,India,Student
815,38,Female,India,Premium
816,60,Male,India,Basic
817,30,Male,India,Family
818,60,Female,India,Premium
819,61,Male,India,Standard
820,40,Male,India,Premium
821,42,Male,India,Student
822,30,Male,India,Student
823,54,Female,UK,Premium
824,57,Female,India,Student
825,49,Female,Canada,Premium
826,31,Female,India,Premium
827,35,Male,India,Basic
828,55,Male,India,Standard
829,53,Male,Canada,Basic
830,27,Female,India,Family
831,60,Female,USA,Student
832,53,Male,India,Standard
833,36,Female,India,Standard
834,60,Female,India,Student
835,20,Female,India,Premium
836,52,Female,USA,Standard
837,36,Male,India,Standard
838,65,Male,Canada,Basic
839,31,Female,India,Premium
840,58,Male,India,Premium
841,60,Male,India,Family
842,64,Female,India,Premium
843,45,Female,UK,Standard
844,28,Female,UK,Standard
845,51,Male,India,Standard
846,63,Female,India,Standard
847,19,Male,India,Premium
848,23,Male,India,Premium
849,51,Male,Canada,Standard
850,23,Female,India,Standard
851,45,Female,India,Standard
852,37,Male,Australia,Student
853,42,Female,India,Family
854,27,Female,India,Basic
855,39,Male,India,Standard
856,56,Female,Australia,Premium
857,43,Female,India,Student
858,65,Female,India,Basic
859,20,Female,USA,Basic
860,46,Female,India,Student
861,30,Female,India,Standard
862,60,Female,Canada,Premium
863,44,Male,India,Standard
864,51,Female,India,Standard
865,54,Female,India,Student
866,40,Male,India,Family
867,36,Female,Canada,Basic
868,27,Male,India,Premium
869,37,Female,India,Basic
870,46,Male,USA,Basic
871,24,Female,India,Premium
872,43,Male,India,Standard
873,22,Male,Australia,Student
874,42,Male,India,Standard
875,65,Female,India,Basic
876,47,Female,India,Standard
877,37,Female,Canada,Basic
878,21,Male,India,Premium
879,18,Male,India,Family
880,38,Female,USA,Standard
881,55,Male,Australia,Standard
882,56,Male,India,Premium
883,40,Female,India,Standard
884,36,Male,India,Student
885,24,Female,India,Student
886,55,Female,India,Standard
887,21,Male,India,Premium
888,26,Male,India,Premium
889,58,Female,India,Standard
890,47,Male,India,Basic
891,44,Female,India,Standard
892,56,Female,USA,Standard
893,28,Female,USA,Standard
894,52,Female,India,Premium
895,18,Female,India,Family
896,58,Female,India,Premium
897,58,Female,India,Premium
898,39,Male,India,Standard
899,34,Female,Australia,Premium
900,34,Male,UK,Basic
901,59,Male,UK,Standard
902,61,Female,UK,Student
903,64,Female,USA,Premium
904,25,Male,India,Standard
905,65,Male,India,Standard
906,50,Female,India,Student
907,56,Male,India,Family
908,31,Male,India,Basic
909,38,Female,Australia,Basic
910,44,Female,India,Premium
911,29,Male,India,Basic
912,60,Male,India,Family
913,39,Male,India,Standard
914,61,Female,India,Family
915,22,Female,India,Family
916,27,Male,USA,Standard
917,24,Male,India,Family
918,55,Male,UK,Basic
919,43,Male,UK,Standard
920,38,Female,USA,Standard
921,58,Male,UK,Basic
922,65,Female,India,Basic
923,61,Male,USA,Student
924,61,Male,UK,Student
925,41,Male,India,Standard
926,37,Male,India,Student
927,63,Female,India,Premium
928,62,Female,India,Basic
929,48,Male,Canada,Standard
930,56,Female,India,Premium
931,54,Male,India,Family
932,22,Male,Australia,Family
933,38,Female,India,Basic
934,38,Male,India,Premium
935,57,Male,UK,Premium
936,63,Male,India,Standard
937,65,Female,UK,Standard
938,39,Female,USA,Premium
939,25,Female,India,Standard
940,44,Male,India,Premium
941,25,Female,India,Premium
942,64,Female,Australia,Standard
943,64,Male,Canada,Standard
944,48,Female,Australia,Standard
945,22,Male,India,Premium
946,26,Female,India,Standard
947,46,Male,USA,Student
948,62,Male,India,Standard
949,20,Male,India,Premium
950,59,Female,India,Premium
951,44,Male,India,Standard
952,49,Male,India,Standard
953,52,Male,USA,Premium
954,51,Female,USA,Standard
955,26,Female,India,Student
956,52,Male,India,Student
957,46,Male,India,Basic
958,63,Male,Australia,Premium
959,48,Male,India,Student
960,39,Female,India,Basic
961,46,Male,India,Standard
962,37,Female,India,Premium
963,48,Male,India,Premium
964,31,Female,India,Standard
965,28,Male,India,Standard
966,49,Female,India,Student
967,63,Male,India,Family
968,63,Male,India,Student
969,54,Male,India,Student
970,59,Male,India,Basic
971,30,Male,India,Standard
972,30,Male,UK,Premium
973,61,Male,India,Basic
974,62,Female,Canada,Student
975,55,Female,India,Standard
976,20,Male,UK,Family
977,25,Female,India,Student
978,30,Female,USA,Basic
979,37,Male,Canada,Family
980,31,Male,India,Standard
981,32,Male,Australia,Premium
982,54,Male,Australia,Family
983,25,Male,India,Basic
984,22,Female,India,Premium
985,21,Male,India,Student
986,40,Male,UK,Student
987,40,Female,India,Premium
988,39,Male,USA,Family
989,64,Female,India,Standard
990,33,Female,USA,Premium
991,28,Male,Canada,Student
992,19,Male,UK,Basic
993,55,Male,India,Basic
994,31,Female,India,Standard
995,29,Female,Canada,Student
996,62,Male,India,Basic
997,33,Male,India,Student
998,23,Male,UK,Student
999,47,Male,India,Family
1000,58,Female,India,Standard
1001,28,Female,India,Student
1002,27,Female,India,Family
1003,29,Male,India,Student
1004,60,Male,India,Premium
1005,20,Female,India,Standard
1006,55,Female,USA,Basic
1007,38,Female,India,Standard
1008,35,Female,UK,Basic
1009,27,Male,UK,Premium
1010,55,Female,USA,Standard
1011,28,Female,India,Premium
1012,18,Male,India,Standard
1013,57,Female,USA,Basic
1014,35,Female,USA,Standard
1015,22,Male,India,Standard
1016,21,Female,India,Student
1017,52,Male,USA,Standard
1018,21,Female,India,Premium
1019,62,Female,India,Premium
1020,59,Female,Australia,Basic
1021,51,Female,India,Premium
1022,24,Female,India,Basic
1023,57,Male,India,Standard
1024,39,Male,India,Student
1025,63,Female,India,Premium
1026,28,Female,India,Student
1027,32,Male,UK,Standard
1028,29,Male,India,Basic
1029,55,Female,India,Standard
1030,61,Female,India,Premium
1031,32,Female,USA,Standard
1032,24,Female,India,Standard
1033,30,Female,India,Basic
1034,52,Female,USA,Student
1035,30,Male,India,Student
1036,62,Female,India,Basic
1037,36,Female,India,Basic
1038,26,Female,UK,Standard
1039,52,Female,India,Student
1040,51,Female,USA,Family
1041,46,Male,India,Standard
1042,35,Male,India,Standard
1043,28,Female,India,Standard
1044,65,Female,Australia,Basic
1045,33,Female,India,Standard
1046,60,Male,Canada,Standard
1047,64,Female,India,Premium
1048,51,Female,Canada,Standard
1049,18,Female,India,Premium
1050,37,Female,India,Premium
1051,50,Male,India,Standard
1052,30,Male,USA,Family
1053,46,Female,India,Basic
1054,22,Female,India,Standard
1055,23,Male,India,Basic
1056,38,Female,India,Premium
1057,49,Female,India,Student
1058,62,Female,India,Standard
1059,46,Female,India,Premium
1060,43,Female,UK,Standard
1061,45,Female,India,Premium
1062,50,Male,India,Family
1063,60,Male,India,Standard
1064,19,Female,India,Standard
1065,31,Male,India,Premium
1066,22,Male,India,Student
1067,57,Male,India,Basic
1068,40,Male,Canada,Premium
1069,57,Male,India,Basic
1070,38,Female,India,Basic
1071,31,Male,India,Basic
1072,32,Male,Canada,Premium
1073,39,Male,India,Basic
1074,31,Male,India,Student
1075,21,Male,USA,Premium
1076,51,Male,India,Standard
1077,43,Male,India,Family
1078,53,Male,India,Standard
1079,60,Female,India,Premium
1080,45,Male,USA,Student
1081,28,Female,India,Basic
1082,20,Male,India,Family
1083,25,Male,UK,Family
1084,51,Female,Canada,Premium
1085,25,Male,India,Family
1086,41,Female,USA,Premium
1087,52,Male,India,Student
1088,53,Female,India,Premium
1089,40,Male,UK,Family
1090,42,Female,India,Premium
1091,63,Male,India,Basic
1092,19,Male,India,Standard
1093,33,Female,UK,Family
1094,58,Female,UK,Standard
1095,31,Male,India,Basic
1096,59,Male,India,Student
1097,36,Female,Australia,Premium
1098,59,Male,India,Family
1099,40,Female,Australia,Student
1100,34,Male,India,Premium
1101,54,Male,India,Family
1102,23,Male,India,Standard
1103,22,Male,USA,Family
1104,41,Female,India,Premium
1105,49,Female,India,Standard
1106,18,Male,Australia,Standard
1107,53,Female,India,Premium
1108,23,Male,India,Premium
1109,52,Female,India,Premium
1110,20,Female,India,Student
1111,63,Female,UK,Standard
1112,57,Male,India,Student
1113,41,Male,India,Premium
1114,40,Female,India,Student
1115,21,Male,India,Basic
1116,57,Male,India,Basic
1117,56,Male,Canada,Standard
1118,45,Male,India,Student
1119,41,Male,India,Student
1120,60,Female,Canada,Premium
1121,60,Female,India,Basic
1122,31,Male,Canada,Standard
1123,42,Male,India,Standard
1124,46,Female,India,Basic
1125,34,Female,India,Family
1126,64,Female,India,Student
1127,52,Female,India,Standard
1128,18,Male,India,Basic
1129,49,Female,India,Student
1130,49,Male,Australia,Standard
1131,29,Female,India,Standard
1132,49,Female,Australia,Premium
1133,22,Male,UK,Student
1134,44,Male,India,Student
1135,54,Female,Canada,Basic
1136,27,Male,India,Standard
1137,43,Female,India,Family
1138,48,Female,Australia,Standard
1139,45,Female,India,Standard
1140,42,Female,Canada,Premium
1141,56,Male,India,Family
1142,37,Female,India,Student
1143,23,Female,India,Basic
1144,39,Female,India,Basic
1145,54,Female,Canada,Basic
1146,25,Male,India,Standard
1147,25,Male,India,Student
1148,54,Female,India,Standard
1149,55,Female,India,Basic
1150,29,Female,UK,Standard
1151,27,Female,India,Student
1152,49,Female,Canada,Student
1153,32,Female,India,Standard
1154,27,Male,India,Family
1155,45,Female,UK,Standard
1156,45,Male,India,Basic
1157,63,Male,India,Basic
1158,24,Female,India,Family
1159,38,Male,India,Basic
1160,20,Female,India,Family
1161,60,Male,India,Standard
1162,49,Male,India,Standard
1163,23,Female,India,Standard
1164,49,Female,Canada,Standard
1165,38,Female,India,Family
1166,29,Female,India,Basic
1167,22,Male,USA,Standard
1168,65,Male,UK,Standard
1169,20,Female,India,Standard
1170,41,Female,India,Premium
1171,33,Female,Canada,Premium
1172,65,Male,India,Premium
1173,44,Female,Australia,Basic
1174,54,Male,India,Premium
1175,32,Male,India,Basic
1176,24,Male,India,Standard
1177,52,Male,USA,Student
1178,36,Female,India,Student
1179,24,Female,Canada,Premium
1180,53,Male,India,Standard
1181,26,Female,India,Basic
1182,59,Female,UK,Student
1183,30,Female,Canada,Basic
1184,21,Male,India,Basic
1185,44,Female,India,Student
1186,32,Female,India,Student
1187,65,Male,India,Basic
1188,38,Male,UK,Premium
1189,48,Male,Canada,Premium
1190,43,Female,India,Standard
1191,50,Female,Canada,Standard
1192,64,Female,India,Basic
1193,25,Male,India,Basic
1194,48,Male,UK,Basic
1195,57,Female,India,Basic
1196,54,Female,India,Basic
1197,42,Female,India,Standard
1198,28,Female,Australia,Student
1199,39,Male,India,Premium
1200,30,Male,USA,Family
1201,57,Male,India,Premium
1202,46,Male,Canada,Standard
1203,24,Female,UK,Family
1204,46,Male,Australia,Student
1205,32,Male,India,Standard
1206,23,Female,India,Family
1207,59,Male,India,Standard
1208,43,Female,USA,Premium
1209,23,Female,India,Student
1210,64,Female,India,Basic
1211,31,Female,Australia,Family
1212,31,Female,India,Basic
1213,36,Female,India,Basic
1214,31,Female,India,Standard
1215,42,Male,USA,Student
1216,32,Female,India,Student
1217,22,Female,India,Basic
1218,25,Female,Canada,Family
1219,38,Female,UK,Family
1220,46,Male,India,Family
1221,18,Female,India,Student
1222,34,Male,UK,Standard
1223,43,Female,India,Premium
1224,25,Female,Australia,Student
1225,50,Female,India,Student
1226,33,Female,UK,Student
1227,44,Male,India,Standard
1228,31,Male,India,Standard
1229,59,Female,India,Premium
1230,21,Male,India,Basic
1231,22,Male,India,Basic
1232,47,Female,India,Premium
1233,31,Male,India,Standard
1234,57,Male,UK,Standard
1235,40,Female,India,Basic
1236,47,Male,UK,Family
1237,23,Female,India,Standard
1238,55,Male,India,Student
1239,46,Male,India,Standard
1240,65,Male,USA,Premium
1241,18,Female,India,Basic
1242,42,Female,India,Student
1243,18,Female,India,Basic
1244,19,Male,UK,Premium
1245,65,Male,India,Premium
1246,61,Female,Canada,Premium
1247,65,Female,Australia,Student
1248,44,Female,India,Standard
1249,19,Female,UK,Premium
1250,28,Female,Canada,Standard
1251,64,Female,India,Standard
1252,26,Male,Australia,Student
1253,31,Male,UK,Standard
1254,24,Female,India,Standard
1255,23,Female,India,Premium
1256,44,Male,India,Standard
1257,30,Female,India,Basic
1258,42,Female,India,Standard
1259,50,Female,UK,Standard
1260,34,Male,India,Premium
1261,58,Male,UK,Standard
1262,29,Female,Canada,Basic
1263,30,Male,Australia,Student
1264,63,Female,India,Premium
1265,47,Male,India,Basic
1266,23,Male,India,Standard
1267,32,Male,India,Basic
1268,36,Female,India,Standard
1269,62,Female,India,Family
1270,23,Male,India,Premium
1271,23,Male,USA,Student
1272,22,Female,UK,Basic
1273,19,Male,USA,Premium
1274,32,Male,India,Standard
1275,23,Male,India,Premium
1276,32,Female,India,Standard
1277,48,Female,India,Premium
1278,47,Male,India,Standard
1279,37,Male,India,Standard
1280,48,Female,Canada,Premium
1281,56,Female,India,Standard
1282,53,Male,India,Standard
1283,34,Male,India,Basic
1284,56,Male,Canada,Standard
1285,34,Female,Australia,Premium
1286,59,Female,India,Student
1287,22,Female,India,Standard
1288,26,Female,India,Student
1289,54,Male,India,Standard
1290,19,Female,USA,Family
1291,52,Female,India,Student
1292,56,Male,India,Premium
1293,20,Male,Canada,Family
1294,24,Female,USA,Basic
1295,51,Female,India,Student
1296,25,Male,India,Premium
1297,39,Male,India,Basic
1298,37,Male,India,Standard
1299,61,Female,USA,Premium
1300,54,Male,India,Premium
1301,45,Male,USA,Premium
1302,42,Male,India,Basic
1303,43,Female,India,Premium
1304,27,Female,India,Premium
1305,41,Female,Canada,Standard
1306,34,Female,USA,Basic
1307,40,Male,USA,Standard
1308,48,Male,India,Family
1309,51,Male,India,Student
1310,30,Female,Australia,Premium
1311,55,Female,India,Premium
1312,41,Male,India,Family
1313,22,Male,India,Standard
1314,63,Female,India,Student
1315,57,Male,UK,Family
1316,45,Female,India,Basic
1317,39,Female,Australia,Premium
1318,41,Female,India,Standard
1319,49,Female,USA,Student
1320,30,Male,India,Student
1321,65,Female,USA,Basic
1322,30,Male,India,Basic
1323,60,Male,Canada,Student
1324,57,Male,India,Basic
1325,47,Female,India,Standard
1326,26,Female,Australia,Premium
1327,59,Female,India,Family
1328,18,Male,USA,Basic
1329,65,Male,India,Standard
1330,65,Female,India,Family
1331,65,Male,India,Standard
1332,34,Female,Canada,Standard
1333,60,Female,India,Standard
1334,54,Female,India,Family
1335,49,Male,UK,Basic
1336,31,Female,India,Basic
1337,29,Male,India,Standard
1338,33,Female,India,Basic
1339,62,Male,Canada,Premium
1340,33,Female,India,Basic
1341,23,Male,India,Standard
1342,46,Female,USA,Standard
1343,44,Male,India,Standard
1344,30,Male,India,Basic
1345,36,Female,India,Standard
1346,40,Male,India,Standard
1347,32,Male,India,Basic
1348,33,Male,India,Standard
1349,58,Male,India,Standard
1350,27,Male,India,Basic
1351,59,Male,India,Standard
1352,20,Male,India,Student
1353,23,Male,India,Basic
1354,38,Female,UK,Basic
1355,21,Male,USA,Premium
1356,62,Female,USA,Premium
1357,20,Female,India,Standard
1358,34,Male,India,Premium
1359,22,Female,USA,Student
1360,34,Male,India,Basic
1361,51,Female,USA,Basic
1362,50,Female,India,Premium
1363,43,Female,India,Standard
1364,19,Female,India,Premium
1365,19,Male,Australia,Family
1366,45,Male,India,Student
1367,35,Male,India,Premium
1368,58,Female,UK,Family
1369,35,Female,USA,Premium
1370,58,Female,USA,Student
1371,50,Female,UK,Premium
1372,64,Female,India,Standard
1373,40,Female,India,Standard
1374,65,Female,India,Standard
1375,50,Male,India,Premium
1376,45,Female,India,Student
1377,32,Female,India,Standard
1378,21,Male,India,Standard
1379,44,Male,Canada,Student
1380,24,Female,USA,Basic
1381,45,Female,India,Standard
1382,44,Male,India,Premium
1383,44,Male,India,Student
1384,51,Male,India,Standard
1385,35,Male,Australia,Student
1386,32,Male,India,Premium
1387,62,Male,Canada,Premium
1388,44,Female,India,Premium
1389,55,Male,India,Student
1390,65,Male,Canada,Basic
1391,51,Male,India,Standard
1392,26,Female,Australia,Premium
1393,27,Male,India,Standard
1394,20,Female,India,Standard
1395,58,Female,India,Basic
1396,28,Male,Canada,Student
1397,26,Female,Australia,Student
1398,62,Male,India,Standard
1399,39,Male,India,Family
1400,58,Male,India,Standard
1401,52,Female,India,Student
1402,44,Male,India,Standard
1403,18,Male,India,Family
1404,58,Male,India,Premium
1405,62,Male,India,Premium
1406,18,Female,India,Family
1407,18,Male,India,Standard
1408,58,Female,UK,Premium
1409,36,Male,India,Basic
1410,33,Female,Canada,Student
1411,28,Female,India,Standard
1412,48,Male,India,Standard
1413,61,Male,India,Standard
1414,40,Male,Australia,Basic
1415,27,Female,India,Basic
1416,41,Male,India,Premium
1417,57,Female,India,Student
1418,29,Male,India,Basic
1419,34,Female,India,Premium
1420,44,Female,India,Premium
1421,52,Male,Canada,Premium
1422,36,Male,India,Basic
1423,23,Male,Australia,Standard
1424,36,Male,India,Student
1425,29,Male,USA,Premium
1426,45,Male,India,Standard
1427,50,Female,India,Basic
1428,31,Female,India,Standard
1429,23,Male,USA,Basic
1430,64,Male,Australia,Standard
1431,28,Male,UK,Premium
1432,33,Female,India,Standard
1433,45,Female,India,Standard
1434,41,Male,India,Student
1435,35,Female,India,Family
1436,62,Female,India,Basic
1437,41,Female,UK,Family
1438,42,Male,India,Standard
1439,45,Male,India,Premium
1440,46,Female,Australia,Student
1441,20,Male,USA,Basic
1442,20,Male,USA,Standard
1443,56,Female,India,Basic
1444,35,Male,India,Student
1445,50,Male,India,Standard
1446,65,Female,USA,Standard
1447,49,Female,India,Standard
1448,55,Female,India,Basic
1449,36,Male,India,Student
1450,41,Female,India,Student
1451,44,Female,India,Premium
1452,30,Female,India,Basic
1453,52,Male,India,Premium
1454,41,Female,India,Premium
1455,65,Female,Canada,Basic
1456,60,Male,India,Student
1457,63,Female,USA,Standard
1458,39,Male,Canada,Standard
1459,34,Male,Canada,Premium
1460,33,Female,India,Basic
1461,63,Male,India,Basic
1462,64,Female,Australia,Student
1463,43,Female,India,Family
1464,50,Male,India,Standard
1465,47,Female,USA,Family
1466,57,Male,Australia,Student
1467,57,Male,India,Student
1468,45,Male,India,Basic
1469,58,Female,India,Basic
1470,25,Female,India,Standard
1471,39,Female,India,Family
1472,23,Female,India,Standard
1473,49,Male,India,Student
1474,64,Female,India,Family
1475,41,Female,USA,Premium
1476,39,Female,India,Standard
1477,39,Female,India,Basic
1478,45,Male,India,Student
1479,34,Female,UK,Standard
1480,58,Female,India,Student
1481,48,Female,India,Premium
1482,46,Female,India,Student
1483,57,Female,India,Standard
1484,54,Female,India,Premium
1485,19,Male,India,Premium
1486,63,Male,Canada,Basic
1487,34,Male,India,Student
1488,20,Female,Canada,Standard
1489,29,Female,India,Basic
1490,48,Male,India,Basic
1491,40,Male,India,Family
1492,28,Female,India,Premium
1493,40,Male,India,Standard
1494,54,Female,India,Standard
1495,25,Male,India,Standard
1496,45,Female,UK,Student
1497,25,Male,India,Family
1498,49,Male,Canada,Premium
1499,24,Female,India,Standard
1500,35,Male,USA,Family
1501,62,Male,India,Standard
1502,26,Female,India,Premium
1503,51,Female,India,Basic
1504,65,Female,India,Student
1505,21,Male,Canada,Standard
1506,38,Male,India,Standard
1507,34,Female,India,Standard
1508,36,Male,India,Basic
1509,62,Female,India,Premium
1510,45,Male,India,Basic
1511,63,Female,India,Standard
1512,37,Female,India,Premium
1513,62,Male,India,Premium
1514,20,Male,India,Student
1515,38,Female,Australia,Standard
1516,23,Male,India,Family
1517,64,Male,India,Basic
1518,52,Female,India,Student
1519,39,Female,India,Standard
1520,27,Female,USA,Basic
1521,34,Male,India,Basic
1522,31,Female,India,Standard
1523,24,Female,India,Student
1524,39,Female,India,Student
1525,48,Female,India,Premium
1526,41,Female,UK,Standard
1527,53,Male,India,Standard
1528,34,Female,India,Standard
1529,46,Female,India,Premium
1530,22,Female,India,Standard
1531,47,Male,UK,Standard
1532,45,Male,India,Basic
1533,27,Male,India,Standard
1534,24,Female,India,Basic
1535,39,Male,India,Premium
1536,64,Female,India,Basic
1537,53,Male,Canada,Premium
1538,30,Male,India,Family
1539,58,Female,India,Standard
1540,49,Female,India,Standard
1541,36,Male,India,Premium
1542,26,Male,India,Basic
1543,36,Female,Canada,Basic
1544,23,Female,India,Family
1545,45,Male,India,Basic
1546,36,Female,India,Family
1547,35,Female,India,Student
1548,47,Female,Australia,Standard
1549,30,Female,India,Basic
1550,59,Female,India,Premium
1551,62,Male,UK,Premium
1552,23,Female,India,Family
1553,45,Female,India,Student
1554,29,Male,India,Student
1555,50,Male,India,Standard
1556,35,Male,India,Basic
1557,42,Male,USA,Student
1558,31,Male,India,Standard
1559,37,Male,India,Premium
1560,50,Male,India,Standard
1561,26,Male,USA,Premium
1562,30,Female,India,Student
1563,59,Female,India,Basic
1564,46,Male,India,Premium
1565,49,Female,Australia,Standard
1566,29,Male,India,Student
1567,25,Female,India,Basic
1568,36,Female,Canada,Standard
1569,55,Female,India,Standard
1570,42,Male,India,Basic
1571,37,Male,Canada,Family
1572,39,Male,Canada,Premium
1573,29,Female,India,Premium
1574,65,Female,India,Standard
1575,27,Female,India,Family
1576,64,Male,India,Family
1577,34,Female,Australia,Standard
1578,54,Male,Canada,Standard
1579,38,Female,India,Standard
1580,65,Female,India,Premium
1581,53,Male,USA,Family
1582,49,Female,India,Family
1583,33,Female,Australia,Student
1584,31,Male,India,Premium
1585,62,Male,India,Standard
1586,26,Female,India,Basic
1587,44,Female,Canada,Standard
1588,41,Male,India,Family
1589,46,Female,UK,Standard
1590,19,Female,Canada,Family
1591,20,Male,India,Standard
1592,22,Male,India,Standard
1593,42,Male,India,Basic
1594,51,Male,India,Family
1595,22,Male,Australia,Premium
1596,46,Male,UK,Student
1597,28,Female,India,Premium
1598,56,Female,Australia,Premium
1599,32,Male,UK,Basic
1600,50,Female,India,Basic
1601,30,Male,Canada,Basic
1602,63,Female,UK,Premium
1603,26,Male,India,Standard
1604,47,Male,India,Family
1605,34,Male,India,Standard
1606,49,Female,UK,Standard
1607,54,Female,India,Standard
1608,65,Male,USA,Standard
1609,64,Male,India,Standard
1610,50,Female,India,Standard
1611,47,Male,India,Standard
1612,30,Male,India,Standard
1613,48,Female,USA,Standard
1614,30,Male,India,Student
1615,52,Male,India,Student
1616,21,Female,India,Student
1617,19,Female,India,Standard
1618,60,Female,India,Basic
1619,25,Female,India,Basic
1620,58,Female,India,Standard
1621,46,Female,India,Basic
1622,60,Male,India,Premium
1623,25,Male,Canada,Standard
1624,60,Female,India,Standard
1625,19,Male,India,Premium
1626,58,Male,India,Standard
1627,33,Male,India,Standard
1628,33,Female,India,Family
1629,41,Male,USA,Student
1630,43,Male,India,Basic
1631,62,Female,India,Basic
1632,64,Male,Canada,Standard
1633,27,Female,USA,Basic
1634,40,Male,India,Premium
1635,54,Female,India,Student
1636,45,Male,India,Family
1637,35,Male,India,Student
1638,40,Male,India,Standard
1639,24,Male,USA,Student
1640,43,Female,India,Basic
1641,29,Female,India,Basic
1642,31,Female,Australia,Premium
1643,25,Male,India,Standard
1644,57,Female,India,Standard
1645,62,Male,Canada,Student
1646,59,Female,India,Basic
1647,51,Male,UK,Basic
1648,65,Female,Australia,Standard
1649,49,Male,India,Standard
1650,56,Female,Canada,Standard
1651,23,Male,India,Student
1652,64,Female,India,Student
1653,37,Male,Australia,Premium
1654,50,Male,India,Premium
1655,32,Male,India,Standard
1656,50,Female,UK,Standard
1657,26,Male,USA,Family
1658,24,Male,India,Family
1659,42,Female,India,Premium
1660,37,Male,India,Family
1661,50,Male,India,Student
1662,55,Female,India,Standard
1663,58,Female,Canada,Premium
1664,61,Female,UK,Premium
1665,35,Female,India,Premium
1666,44,Male,India,Premium
1667,55,Female,Australia,Basic
1668,47,Male,India,Student
1669,57,Female,Australia,Premium
1670,19,Female,India,Standard
1671,41,Male,UK,Family
1672,52,Male,UK,Standard
1673,60,Female,USA,Student
1674,53,Male,India,Student
1675,49,Female,India,Basic
1676,50,Female,USA,Standard
1677,20,Male,India,Premium
1678,39,Male,Canada,Family
1679,18,Male,India,Student
1680,36,Female,India,Student
1681,25,Female,India,Basic
1682,39,Female,India,Family
1683,53,Male,Canada,Standard
1684,64,Male,India,Standard
1685,23,Male,India,Premium
1686,30,Female,UK,Standard
1687,42,Female,India,Basic
1688,63,Female,India,Basic
1689,29,Female,India,Standard
1690,53,Female,India,Student
1691,30,Male,India,Basic
1692,25,Male,Canada,Standard
1693,46,Female,India,Student
1694,19,Male,UK,Standard
1695,44,Male,India,Student
1696,21,Female,India,Premium
1697,48,Female,India,Basic
1698,26,Male,UK,Standard
1699,23,Female,India,Premium
1700,52,Male,India,Family
1701,47,Female,India,Basic
1702,30,Female,India,Student
1703,40,Female,India,Basic
1704,29,Female,India,Standard
1705,38,Male,India,Basic
1706,33,Male,India,Student
1707,35,Male,India,Family
1708,28,Female,India,Family
1709,56,Female,India,Standard
1710,45,Male,UK,Standard
1711,45,Male,Australia,Premium
1712,48,Female,India,Premium
1713,41,Male,India,Standard
1714,34,Male,Australia,Student
1715,19,Female,India,Premium
1716,56,Male,Australia,Family
1717,61,Male,UK,Standard
1718,47,Female,UK,Standard
1719,48,Male,UK,Basic
1720,23,Female,Canada,Student
1721,23,Female,India,Standard
1722,44,Female,India,Basic
1723,52,Male,India,Standard
1724,22,Male,India,Premium
1725,59,Male,Australia,Standard
1726,28,Male,USA,Standard
1727,18,Female,Canada,Standard
1728,53,Male,India,Basic
1729,34,Female,USA,Standard
1730,63,Male,India,Family
1731,59,Male,Australia,Standard
1732,55,Female,India,Standard
1733,21,Male,India,Student
1734,33,Female,UK,Premium
1735,29,Female,USA,Standard
1736,59,Male,India,Standard
1737,32,Male,UK,Standard
1738,26,Male,India,Standard
1739,38,Male,India,Premium
1740,34,Male,India,Standard
1741,31,Female,India,Standard
1742,34,Male,Australia,Premium
1743,58,Male,India,Premium
1744,36,Female,Australia,Standard
1745,46,Male,India,Student
1746,24,Female,India,Premium
1747,36,Female,India,Student
1748,27,Female,India,Student
1749,45,Male,India,Family
1750,43,Female,India,Student
1751,55,Female,UK,Standard
1752,31,Female,Canada,Premium
1753,57,Male,India,Student
1754,23,Female,India,Premium
1755,62,Female,India,Premium
1756,31,Female,India,Premium
1757,36,Male,India,Basic
1758,26,Male,India,Premium
1759,29,Male,India,Standard
1760,26,Female,India,Standard
1761,32,Female,India,Premium
1762,44,Female,India,Standard
1763,56,Female,India,Premium
1764,50,Male,India,Standard
1765,43,Male,India,Basic
1766,46,Male,India,Standard
1767,35,Male,India,Standard
1768,62,Female,India,Student
1769,60,Female,India,Standard
1770,37,Female,India,Standard
1771,30,Female,India,Premium
1772,51,Male,Australia,Premium
1773,60,Male,Canada,Standard
1774,39,Male,India,Student
1775,33,Female,India,Standard
1776,63,Female,Australia,Standard
1777,62,Female,India,Premium
1778,62,Male,India,Standard
1779,44,Male,India,Premium
1780,30,Female,India,Standard
1781,32,Female,India,Premium
1782,36,Female,Australia,Basic
1783,38,Female,USA,Premium
1784,42,Female,India,Premium
1785,43,Female,USA,Premium
1786,19,Male,Canada,Premium
1787,49,Male,India,Premium
1788,44,Male,India,Standard
1789,39,Male,India,Premium
1790,42,Male,Australia,Standard
1791,22,Female,Canada,Premium
1792,29,Male,Canada,Family
1793,26,Female,UK,Premium
1794,46,Female,India,Standard
1795,51,Female,USA,Basic
1796,56,Female,India,Standard
1797,36,Female,India,Standard
1798,56,Female,UK,Basic
1799,23,Female,UK,Family
1800,28,Female,Canada,Standard
1801,61,Female,UK,Standard
1802,58,Female,Canada,Family
1803,62,Male,UK,Standard
1804,20,Female,India,Family
1805,27,Female,India,Student
1806,57,Female,India,Premium
1807,47,Male,India,Premium
1808,27,Female,Australia,Standard
1809,20,Male,India,Premium
1810,26,Female,Canada,Premium
1811,51,Female,India,Standard
1812,51,Male,India,Standard
1813,53,Female,India,Basic
1814,41,Male,India,Family
1815,63,Male,India,Basic
1816,62,Female,India,Standard
1817,39,Female,Australia,Basic
1818,51,Female,India,Standard
1819,50,Female,India,Student
1820,49,Male,India,Family
1821,27,Female,Australia,Standard
1822,46,Male,USA,Standard
1823,62,Female,India,Standard
1824,20,Male,UK,Student
1825,49,Female,India,Standard
1826,29,Male,India,Premium
1827,61,Male,UK,Standard
1828,56,Male,India,Basic
1829,42,Male,Canada,Premium
1830,62,Male,Australia,Basic
1831,30,Male,USA,Family
1832,28,Male,India,Standard
1833,41,Male,India,Premium
1834,51,Female,Canada,Premium
1835,42,Female,India,Basic
1836,27,Female,India,Premium
1837,44,Male,India,Standard
1838,27,Male,India,Premium
1839,41,Female,India,Student
1840,53,Male,USA,Student
1841,51,Male,India,Premium
1842,41,Female,India,Basic
1843,61,Female,India,Family
1844,49,Male,USA,Family
1845,28,Male,India,Family
1846,25,Male,UK,Premium
1847,27,Female,Canada,Basic
1848,21,Female,India,Premium
1849,24,Female,India,Premium
1850,38,Male,Canada,Premium
1851,51,Male,Australia,Family
1852,57,Female,India,Basic
1853,63,Male,UK,Premium
1854,65,Female,India,Standard
1855,59,Female,Australia,Basic
1856,23,Male,India,Standard
1857,45,Male,UK,Premium
1858,50,Male,India,Basic
1859,57,Male,India,Family
1860,52,Male,UK,Premium
1861,42,Male,Australia,Standard
1862,36,Female,India,Student
1863,26,Male,India,Basic
1864,43,Female,India,Family
1865,39,Female,UK,Premium
1866,48,Male,India,Family
1867,41,Female,Canada,Family
1868,22,Male,India,Standard
1869,27,Male,Australia,Premium
1870,51,Female,India,Standard
1871,63,Female,India,Premium
1872,23,Female,India,Basic
1873,27,Male,India,Student
1874,37,Male,India,Basic
1875,20,Female,USA,Premium
1876,32,Male,Canada,Basic
1877,41,Female,India,Student
1878,42,Female,Canada,Family
1879,37,Male,USA,Standard
1880,64,Male,India,Premium
1881,57,Male,India,Standard
1882,57,Male,India,Premium
1883,63,Female,UK,Basic
1884,61,Male,India,Student
1885,33,Female,India,Family
1886,49,Female,India,Basic
1887,35,Female,India,Basic
1888,44,Male,India,Family
1889,44,Male,Australia,Standard
1890,30,Male,Australia,Standard
1891,61,Female,India,Basic
1892,19,Female,India,Basic
1893,37,Female,India,Standard
1894,34,Female,India,Standard
1895,35,Female,USA,Student
1896,21,Male,India,Premium
1897,37,Male,India,Student
1898,45,Female,India,Student
1899,61,Male,India,Basic
1900,29,Female,India,Standard
1901,48,Female,India,Student
1902,46,Female,UK,Premium
1903,58,Female,India,Student
1904,40,Male,USA,Premium
1905,57,Male,UK,Premium
1906,56,Female,India,Family
1907,55,Male,India,Basic
1908,48,Male,India,Basic
1909,49,Male,India,Student
1910,29,Male,India,Student
1911,50,Male,India,Family
1912,52,Female,Australia,Basic
1913,52,Male,India,Basic
1914,43,Male,Australia,Premium
1915,61,Male,Australia,Student
1916,28,Male,India,Basic
1917,56,Female,India,Standard
1918,58,Male,India,Basic
1919,36,Female,India,Standard
1920,63,Male,UK,Standard
1921,65,Female,India,Student
1922,64,Male,India,Student
1923,19,Female,Australia,Standard
1924,41,Male,USA,Standard
1925,24,Female,India,Student
1926,31,Female,India,Premium
1927,36,Male,India,Family
1928,47,Male,India,Basic
1929,27,Male,India,Premium
1930,29,Male,USA,Basic
1931,48,Female,Canada,Standard
1932,56,Male,India,Basic
1933,31,Female,India,Basic
1934,58,Female,India,Standard
1935,28,Female,UK,Premium
1936,61,Female,India,Student
1937,63,Female,India,Premium
1938,65,Male,India,Premium
1939,44,Male,India,Family
1940,22,Male,India,Student
1941,23,Male,India,Basic
1942,24,Male,Canada,Basic
1943,38,Female,India,Student
1944,63,Male,Australia,Basic
1945,52,Female,India,Premium
1946,64,Male,India,Premium
1947,40,Male,India,Student
1948,63,Male,India,Basic
1949,59,Male,India,Premium
1950,37,Female,India,Student
1951,35,Female,USA,Standard
1952,25,Female,India,Basic
1953,46,Female,India,Family
1954,30,Female,India,Basic
1955,31,Male,Canada,Standard
1956,21,Female,UK,Family
1957,28,Female,India,Student
1958,32,Female,India,Family
1959,23,Male,UK,Basic
1960,45,Female,Australia,Premium
1961,31,Male,Canada,Student
1962,19,Male,India,Standard
1963,60,Male,India,Basic
1964,29,Male,India,Basic
1965,38,Male,India,Student
1966,61,Female,India,Premium
1967,57,Female,Canada,Premium
1968,30,Female,India,Premium
1969,52,Female,India,Basic
1970,63,Female,USA,Student
1971,57,Female,UK,Standard
1972,27,Male,Canada,Premium
1973,31,Female,India,Family
1974,32,Male,India,Student
1975,55,Female,Canada,Premium
1976,49,Male,India,Basic
1977,57,Female,UK,Basic
1978,42,Female,India,Standard
1979,48,Male,UK,Premium
1980,21,Female,India,Standard
1981,46,Female,India,Basic
1982,55,Male,India,Basic
1983,64,Female,Canada,Standard
1984,20,Male,Australia,Standard
1985,63,Male,USA,Premium
1986,55,Male,India,Premium
1987,20,Female,USA,Basic
1988,42,Male,USA,Family
1989,34,Male,India,Student
1990,23,Male,USA,Premium
1991,47,Male,USA,Basic
1992,39,Female,India,Premium
1993,50,Male,India,Student
1994,33,Male,India,Premium
1995,62,Female,India,Standard
1996,57,Female,USA,Basic
1997,37,Male,Australia,Standard
1998,33,Female,Australia,Basic
1999,38,Male,India,Premium
2000,39,Male,India,Basic
2001,24,Male,India,Student
2002,19,Male,India,Student
2003,25,Female,India,Family
2004,30,Male,UK,Premium
2005,56,Female,India,Family
2006,39,Female,India,Standard
2007,34,Female,India,Premium
2008,48,Male,India,Basic
2009,46,Female,India,Family
2010,42,Male,India,Standard
2011,41,Male,Canada,Standard
2012,18,Female,USA,Student
2013,25,Male,India,Standard
2014,54,Female,Canada,Premium
2015,36,Female,USA,Basic
2016,55,Female,USA,Standard
2017,41,Female,Canada,Standard
2018,34,Male,India,Standard
2019,49,Female,India,Student
2020,28,Female,USA,Standard
2021,28,Female,India,Basic
2022,59,Male,India,Premium
2023,61,Female,India,Student
2024,25,Female,Canada,Standard
2025,65,Male,India,Premium
2026,44,Female,India,Standard
2027,50,Female,India,Standard
2028,31,Female,Canada,Basic
2029,63,Male,India,Basic
2030,59,Male,India,Premium
2031,47,Female,India,Premium
2032,24,Female,India,Standard
2033,65,Female,India,Premium
2034,24,Male,UK,Student
2035,44,Female,UK,Standard
2036,19,Male,Australia,Premium
2037,32,Male,Australia,Premium
2038,28,Male,India,Standard
2039,18,Female,India,Basic
2040,35,Male,India,Student
2041,37,Male,Canada,Family
2042,25,Male,India,Basic
2043,37,Female,India,Family
2044,23,Male,India,Premium
2045,59,Male,India,Standard
2046,21,Female,Canada,Basic
2047,60,Male,India,Standard
2048,52,Female,India,Student
2049,25,Male,India,Premium
2050,41,Male,UK,Premium
2051,49,Male,India,Premium
2052,42,Male,India,Standard
2053,18,Male,India,Premium
2054,32,Male,India,Standard
2055,20,Male,India,Student
2056,58,Male,India,Premium
2057,22,Male,India,Standard
2058,46,Male,India,Premium
2059,31,Female,India,Student
2060,27,Male,India,Family
2061,45,Male,USA,Basic
2062,57,Male,Australia,Premium
2063,58,Female,India,Premium
2064,51,Male,India,Standard
2065,60,Female,India,Family
2066,30,Female,India,Basic
2067,50,Female,India,Basic
2068,52,Male,India,Premium
2069,57,Male,Canada,Family
2070,57,Male,Canada,Premium
2071,42,Male,India,Standard
2072,56,Female,India,Basic
2073,24,Female,India,Standard
2074,46,Female,India,Basic
2075,47,Female,India,Premium
2076,46,Male,India,Premium
2077,56,Male,India,Standard
2078,29,Male,India,Family
2079,28,Female,India,Standard
2080,19,Male,India,Student
2081,34,Female,USA,Basic
2082,29,Female,Canada,Student
2083,42,Female,Australia,Basic
2084,51,Female,Australia,Standard
2085,60,Male,India,Premium
2086,38,Male,India,Standard
2087,55,Female,India,Standard
2088,38,Male,USA,Standard
2089,44,Male,India,Premium
2090,63,Female,Australia,Premium
2091,22,Female,India,Student
2092,51,Female,Australia,Premium
2093,29,Male,India,Premium
2094,33,Female,India,Standard
2095,27,Male,India,Basic
2096,30,Male,Canada,Standard
2097,20,Male,India,Premium
2098,46,Female,India,Family
2099,18,Female,UK,Student
2100,26,Female,India,Basic
2101,57,Female,UK,Premium
2102,57,Female,India,Basic
2103,36,Female,India,Premium
2104,46,Male,India,Student
2105,37,Female,India,Standard
2106,28,Male,Canada,Premium
2107,31,Female,Australia,Student
2108,18,Female,USA,Student
2109,55,Male,UK,Premium
2110,47,Female,India,Student
2111,50,Male,UK,Family
2112,47,Male,India,Standard
2113,59,Female,India,Family
2114,41,Female,Australia,Basic
2115,29,Female,India,Premium
2116,35,Female,India,Standard
2117,53,Female,India,Basic
2118,53,Female,Canada,Premium
2119,29,Female,India,Premium
2120,63,Male,India,Student
2121,57,Female,India,Family
2122,60,Female,India,Family
2123,47,Male,India,Standard
2124,21,Female,USA,Family
2125,29,Female,UK,Basic
2126,46,Female,India,Standard
2127,62,Male,India,Standard
2128,62,Female,India,Standard
2129,45,Female,India,Standard
2130,26,Female,India,Premium
2131,19,Female,India,Student
2132,52,Male,India,Standard
2133,57,Female,India,Student
2134,58,Female,India,Basic
2135,30,Female,UK,Basic
2136,42,Male,UK,Student
2137,44,Female,India,Student
2138,49,Female,India,Basic
2139,49,Female,India,Standard
2140,22,Female,India,Standard
2141,26,Male,India,Student
2142,23,Female,India,Premium
2143,64,Female,Australia,Student
2144,59,Male,USA,Premium
2145,30,Male,India,Standard
2146,49,Female,India,Standard
2147,20,Female,India,Premium
2148,43,Female,UK,Premium
2149,46,Male,Canada,Premium
2150,42,Female,India,Student
2151,42,Male,India,Standard
2152,55,Male,India,Standard
2153,29,Male,India,Family
2154,59,Female,Australia,Standard
2155,56,Female,India,Family
2156,35,Female,USA,Premium
2157,31,Female,USA,Student
2158,63,Male,India,Premium
2159,37,Male,India,Premium
2160,18,Female,UK,Standard
2161,61,Male,India,Standard
2162,19,Female,Canada,Basic
2163,47,Male,Canada,Family
2164,24,Female,USA,Student
2165,26,Male,UK,Standard
2166,51,Female,India,Basic
2167,60,Male,India,Student
2168,63,Male,India,Student
2169,32,Male,India,Basic
2170,28,Male,India,Premium
2171,41,Female,India,Standard
2172,20,Female,India,Basic
2173,26,Male,USA,Student
2174,50,Male,Australia,Standard
2175,30,Male,India,Basic
2176,33,Female,India,Standard
2177,53,Male,Australia,Standard
2178,18,Female,India,Standard
2179,64,Male,India,Premium
2180,64,Male,India,Premium
2181,48,Female,India,Family
2182,58,Female,India,Standard
2183,20,Female,USA,Premium
2184,25,Female,India,Basic
2185,54,Male,Canada,Standard
2186,26,Female,India,Standard
2187,21,Female,UK,Standard
2188,45,Male,India,Premium
2189,26,Female,India,Student
2190,49,Female,UK,Family
2191,57,Female,India,Standard
2192,61,Female,UK,Basic
2193,25,Female,USA,Standard
2194,44,Male,Australia,Student
2195,46,Male,India,Basic
2196,64,Male,India,Standard
2197,36,Male,India,Standard
2198,62,Female,India,Standard
2199,21,Male,India,Premium
2200,44,Male,India,Basic
2201,63,Male,UK,Premium
2202,64,Female,India,Basic
2203,42,Male,India,Standard
2204,39,Male,Australia,Standard
2205,40,Female,USA,Premium
2206,26,Male,Australia,Student
2207,50,Female,UK,Premium
2208,41,Male,Australia,Standard
2209,34,Female,India,Standard
2210,42,Female,India,Premium
2211,19,Female,Canada,Student
2212,42,Male,India,Family
2213,64,Male,Australia,Student
2214,21,Female,India,Standard
2215,37,Female,India,Student
2216,22,Male,Canada,Basic
2217,22,Female,UK,Standard
2218,63,Female,India,Premium
2219,64,Female,Australia,Premium
2220,35,Male,India,Premium
2221,44,Female,India,Standard
2222,56,Male,India,Standard
2223,51,Male,India,Basic
2224,60,Male,Australia,Premium
2225,18,Male,India,Student
2226,30,Male,Canada,Standard
2227,24,Female,India,Family
2228,58,Male,India,Standard
2229,59,Male,UK,Premium
2230,63,Male,Australia,Family
2231,56,Female,India,Premium
2232,62,Female,India,Basic
2233,27,Female,Australia,Student
2234,56,Female,USA,Premium
2235,32,Female,India,Standard
2236,58,Male,USA,Premium
2237,64,Female,India,Family
2238,65,Male,India,Premium
2239,40,Female,India,Student
2240,21,Female,India,Standard
2241,62,Female,India,Standard
2242,44,Male,India,Premium
2243,58,Male,UK,Standard
2244,60,Female,India,Premium
2245,55,Female,India,Basic
2246,23,Female,India,Standard
2247,38,Female,USA,Premium
2248,33,Male,Australia,Basic
2249,52,Male,USA,Basic
2250,42,Female,India,Basic
2251,24,Female,Australia,Basic
2252,58,Male,India,Basic
2253,21,Male,Canada,Standard
2254,59,Male,India,Family
2255,64,Male,USA,Basic
2256,60,Male,India,Standard
2257,33,Female,USA,Premium
2258,21,Male,India,Basic
2259,53,Male,India,Basic
2260,25,Male,UK,Standard
2261,22,Female,India,Standard
2262,29,Female,USA,Standard
2263,62,Female,USA,Family
2264,32,Male,India,Basic
2265,36,Female,USA,Student
2266,33,Female,Australia,Standard
2267,37,Female,UK,Standard
2268,20,Male,India,Student
2269,61,Male,Canada,Standard
2270,49,Female,India,Premium
2271,61,Male,Canada,Premium
2272,60,Male,India,Premium
2273,32,Female,India,Student
2274,36,Male,Australia,Standard
2275,46,Male,USA,Family
2276,48,Male,India,Standard
2277,60,Female,India,Premium
2278,37,Male,USA,Standard
2279,35,Male,UK,Basic
2280,33,Male,India,Family
2281,24,Male,India,Premium
2282,59,Female,India,Standard
2283,55,Male,India,Standard
2284,45,Male,India,Standard
2285,25,Female,India,Student
2286,33,Female,UK,Standard
2287,39,Male,Australia,Standard
2288,47,Male,India,Student
2289,25,Female,UK,Family
2290,62,Male,Australia,Premium
2291,38,Female,India,Standard
2292,19,Male,USA,Student
2293,64,Female,India,Basic
2294,59,Male,India,Premium
2295,22,Female,India,Standard
2296,44,Male,India,Standard
2297,41,Female,India,Basic
2298,37,Male,India,Student
2299,59,Female,UK,Premium
2300,27,Female,India,Premium
2301,38,Male,India,Premium
2302,42,Male,UK,Basic
2303,31,Male,India,Family
2304,20,Male,Australia,Basic
2305,21,Male,India,Student
2306,45,Male,India,Premium
2307,54,Female,India,Premium
2308,53,Female,UK,Standard
2309,25,Female,India,Student
2310,61,Female,USA,Premium
2311,19,Female,India,Student
2312,41,Female,India,Standard
2313,64,Male,India,Student
2314,28,Male,India,Family
2315,57,Male,India,Premium
2316,26,Female,India,Basic
2317,30,Female,India,Standard
2318,44,Female,Canada,Family
2319,38,Female,UK,Family
2320,24,Female,USA,Basic
2321,44,Male,India,Standard
2322,36,Male,USA,Standard
2323,42,Female,India,Premium
2324,60,Male,Australia,Premium
2325,62,Female,USA,Standard
2326,47,Female,India,Student
2327,28,Male,India,Premium
2328,60,Male,India,Student
2329,20,Male,India,Standard
2330,37,Female,Australia,Premium
2331,28,Male,India,Standard
2332,55,Male,India,Student
2333,33,Female,India,Premium
2334,64,Female,India,Standard
2335,28,Female,India,Premium
2336,50,Male,India,Basic
2337,63,Male,UK,Premium
2338,58,Male,India,Student
2339,27,Female,USA,Basic
2340,23,Female,India,Standard
2341,63,Female,India,Family
2342,54,Male,Canada,Premium
2343,63,Male,Australia,Basic
2344,32,Female,India,Standard
2345,65,Female,India,Premium
2346,25,Male,India,Standard
2347,45,Female,UK,Premium
2348,53,Female,India,Standard
2349,53,Male,India,Basic
2350,53,Male,USA,Student
2351,61,Male,India,Premium
2352,36,Female,India,Standard
2353,21,Male,India,Premium
2354,44,Male,India,Student
2355,21,Female,India,Premium
2356,49,Male,UK,Family
2357,54,Female,India,Premium
2358,47,Female,Australia,Standard
2359,33,Female,India,Basic
2360,37,Female,India,Basic
2361,60,Male,USA,Premium
2362,49,Male,India,Basic
2363,54,Male,India,Standard
2364,53,Male,India,Student
2365,52,Male,India,Student
2366,42,Female,India,Basic
2367,49,Male,India,Family
2368,19,Male,India,Student
2369,19,Male,Australia,Basic
2370,58,Male,India,Family
2371,18,Male,UK,Standard
2372,54,Female,India,Basic
2373,38,Female,India,Premium
2374,49,Male,India,Basic
2375,44,Female,USA,Premium
2376,55,Male,UK,Standard
2377,59,Male,India,Standard
2378,33,Male,India,Premium
2379,48,Male,India,Family
2380,18,Male,Canada,Standard
2381,35,Female,USA,Premium
2382,31,Male,India,Standard
2383,18,Female,India,Student
2384,38,Male,India,Standard
2385,64,Female,India,Standard
2386,58,Female,India,Basic
2387,19,Male,UK,Standard
2388,52,Female,India,Premium
2389,52,Female,India,Premium
2390,65,Male,India,Student
2391,35,Male,India,Basic
2392,60,Male,India,Premium
2393,47,Male,India,Standard
2394,42,Female,India,Basic
2395,24,Female,India,Standard
2396,54,Male,India,Premium
2397,32,Female,Australia,Premium
2398,50,Male,India,Standard
2399,28,Male,India,Premium
2400,34,Female,India,Student
2401,20,Female,India,Family
2402,50,Male,UK,Basic
2403,24,Female,Australia,Premium
2404,44,Male,India,Family
2405,39,Female,Australia,Basic
2406,25,Female,India,Basic
2407,23,Male,India,Standard
2408,48,Male,USA,Student
2409,37,Female,Canada,Student
2410,61,Male,Australia,Student
2411,34,Female,India,Basic
2412,48,Male,Australia,Student
2413,50,Male,Canada,Basic
2414,37,Female,India,Standard
2415,40,Female,Australia,Premium
2416,52,Female,Australia,Standard
2417,54,Male,USA,Standard
2418,24,Female,India,Student
2419,48,Male,UK,Premium
2420,23,Female,UK,Premium
2421,26,Male,India,Standard
2422,29,Female,India,Standard
2423,43,Female,India,Basic
2424,20,Male,India,Student
2425,19,Female,India,Student
2426,51,Female,UK,Basic
2427,49,Female,Canada,Student
2428,52,Female,USA,Standard
2429,39,Male,India,Standard
2430,46,Female,India,Family
2431,18,Female,India,Student
2432,22,Male,India,Basic
2433,32,Male,India,Student
2434,50,Male,Australia,Basic
2435,42,Male,India,Student
2436,57,Female,India,Premium
2437,18,Male,India,Basic
2438,61,Male,India,Premium
2439,43,Female,India,Family
2440,28,Male,India,Student
2441,29,Female,Australia,Standard
2442,48,Male,Canada,Basic
2443,28,Male,India,Premium
2444,37,Male,India,Standard
2445,49,Male,India,Standard
2446,50,Female,India,Premium
2447,36,Female,Australia,Standard
2448,29,Male,India,Standard
2449,44,Male,India,Standard
2450,30,Male,India,Family
2451,34,Male,India,Basic
2452,23,Male,India,Basic
2453,49,Female,India,Basic
2454,24,Male,India,Premium
2455,20,Female,India,Student
2456,35,Female,UK,Basic
2457,19,Female,India,Standard
2458,38,Male,USA,Premium
2459,39,Male,UK,Standard
2460,65,Female,UK,Basic
2461,60,Female,USA,Premium
2462,57,Male,India,Basic
2463,52,Male,Australia,Student
2464,49,Female,India,Basic
2465,31,Male,India,Student
2466,30,Male,India,Standard
2467,48,Female,USA,Standard
2468,55,Male,India,Standard
2469,30,Male,India,Family
2470,20,Male,UK,Student
2471,57,Female,India,Family
2472,21,Male,UK,Standard
2473,26,Female,India,Standard
2474,33,Female,India,Premium
2475,55,Male,Australia,Student
2476,50,Male,India,Standard
2477,51,Male,India,Family
2478,58,Male,India,Basic
2479,18,Female,Canada,Student
2480,38,Male,India,Premium
2481,53,Female,India,Student
2482,53,Female,Canada,Premium
2483,42,Male,India,Basic
2484,46,Male,Canada,Family
2485,18,Female,Australia,Student
2486,27,Female,USA,Family
2487,49,Male,Canada,Premium
2488,62,Female,India,Premium
2489,57,Male,India,Basic
2490,53,Male,India,Standard
2491,31,Female,Australia,Student
2492,27,Female,Australia,Premium
2493,32,Male,India,Student
2494,58,Female,UK,Standard
2495,30,Female,USA,Student
2496,19,Female,India,Premium
2497,40,Male,India,Basic
2498,41,Male,India,Basic
2499,54,Male,India,Premium
2500,27,Female,India,Premium
2501,42,Male,India,Premium
2502,36,Male,India,Standard
2503,23,Male,India,Student
2504,41,Female,Canada,Premium
2505,38,Female,India,Standard
2506,62,Male,India,Premium
2507,49,Male,India,Standard
2508,37,Female,Australia,Student
2509,52,Male,India,Basic
2510,41,Male,UK,Premium
2511,39,Male,Canada,Basic
2512,50,Male,UK,Standard
2513,19,Male,India,Standard
2514,55,Female,Canada,Standard
2515,40,Male,India,Standard
2516,44,Female,India,Premium
2517,23,Female,UK,Premium
2518,59,Female,Canada,Standard
2519,63,Male,India,Standard
2520,64,Female,India,Premium
2521,54,Female,UK,Family
2522,31,Male,USA,Standard
2523,20,Male,India,Basic
2524,45,Female,Canada,Standard
2525,31,Female,Canada,Standard
2526,28,Female,USA,Standard
2527,24,Female,UK,Premium
2528,50,Female,Australia,Basic
2529,63,Male,India,Basic
2530,58,Male,India,Student
2531,26,Male,India,Standard
2532,46,Female,India,Family
2533,52,Male,India,Standard
2534,43,Female,India,Student
2535,29,Male,India,Standard
2536,33,Male,Australia,Premium
2537,62,Female,India,Basic
2538,56,Male,India,Student
2539,44,Male,India,Student
2540,58,Male,India,Family
2541,55,Female,USA,Family
2542,51,Female,India,Basic
2543,58,Male,UK,Basic
2544,19,Female,India,Standard
2545,37,Female,India,Standard
2546,35,Female,India,Basic
2547,50,Female,Australia,Standard
2548,36,Female,India,Standard
2549,30,Female,Canada,Family
2550,39,Male,India,Premium
2551,22,Male,India,Standard
2552,51,Female,Canada,Premium
2553,36,Male,India,Family
2554,20,Female,India,Student
2555,21,Male,Australia,Family
2556,42,Female,India,Student
2557,51,Female,India,Standard
2558,22,Male,India,Premium
2559,25,Male,India,Student
2560,34,Male,India,Standard
2561,27,Female,India,Basic
2562,29,Female,USA,Student
2563,65,Female,India,Premium
2564,52,Male,Australia,Student
2565,54,Male,Australia,Premium
2566,58,Female,India,Premium
2567,62,Male,India,Standard
2568,24,Female,USA,Family
2569,34,Male,USA,Basic
2570,63,Male,India,Student
2571,51,Male,India,Basic
2572,64,Female,Canada,Basic
2573,36,Female,India,Standard
2574,48,Male,UK,Family
2575,63,Female,India,Student
2576,40,Male,India,Standard
2577,25,Female,India,Standard
2578,43,Male,USA,Standard
2579,18,Female,Australia,Premium
2580,18,Male,India,Standard
2581,63,Female,India,Basic
2582,24,Male,India,Basic
2583,63,Male,USA,Basic
2584,63,Male,Canada,Premium
2585,41,Female,India,Standard
2586,47,Female,India,Standard
2587,42,Female,Australia,Student
2588,46,Male,India,Family
2589,52,Male,India,Student
2590,49,Female,India,Basic
2591,53,Female,India,Standard
2592,57,Male,Australia,Premium
2593,49,Male,India,Basic
2594,60,Female,India,Family
2595,42,Male,India,Premium
2596,20,Male,India,Standard
2597,25,Male,India,Standard
2598,30,Male,Australia,Standard
2599,45,Female,Canada,Basic
2600,28,Male,India,Premium
2601,45,Female,India,Premium
2602,28,Female,India,Premium
2603,65,Male,India,Basic
2604,58,Female,India,Student
2605,47,Female,India,Family
2606,52,Male,USA,Basic
2607,41,Male,India,Premium
2608,46,Male,Canada,Student
2609,27,Female,India,Standard
2610,48,Male,India,Basic
2611,37,Female,Australia,Premium
2612,47,Male,India,Premium
2613,29,Female,India,Premium
2614,48,Male,UK,Basic
2615,35,Female,UK,Standard
2616,38,Female,India,Student
2617,41,Female,India,Premium
2618,22,Male,India,Student
2619,40,Female,India,Standard
2620,24,Female,India,Premium
2621,35,Female,India,Premium
2622,65,Male,Canada,Basic
2623,32,Female,USA,Premium
2624,54,Female,India,Student
2625,28,Female,India,Family
2626,31,Male,India,Family
2627,32,Male,India,Premium
2628,44,Female,India,Basic
2629,27,Male,India,Basic
2630,52,Female,India,Premium
2631,54,Male,India,Basic
2632,52,Female,India,Basic
2633,26,Male,India,Student
2634,43,Male,India,Standard
2635,19,Male,India,Student
2636,45,Female,India,Family
2637,40,Male,Australia,Family
2638,65,Male,Canada,Standard
2639,24,Male,India,Student
2640,35,Female,India,Standard
2641,35,Female,India,Basic
2642,54,Female,Australia,Student
2643,34,Male,UK,Standard
2644,64,Male,India,Basic
2645,52,Male,UK,Standard
2646,62,Male,Canada,Standard
2647,37,Male,India,Basic
2648,54,Male,USA,Student
2649,22,Male,India,Basic
2650,40,Female,India,Student
2651,22,Female,Canada,Basic
2652,41,Male,India,Standard
2653,56,Female,India,Premium
2654,42,Female,India,Basic
2655,52,Female,India,Standard
2656,21,Female,India,Student
2657,46,Male,USA,Student
2658,42,Male,Canada,Standard
2659,18,Male,India,Premium
2660,24,Female,India,Student
2661,51,Male,India,Family
2662,27,Female,India,Standard
2663,30,Male,India,Premium
2664,39,Male,India,Student
2665,27,Male,India,Standard
2666,48,Male,India,Basic
2667,38,Female,India,Standard
2668,27,Male,India,Family
2669,61,Male,India,Standard
2670,54,Female,Australia,Premium
2671,22,Female,Australia,Basic
2672,24,Female,USA,Family
2673,22,Male,Australia,Standard
2674,58,Male,India,Standard
2675,60,Female,UK,Basic
2676,61,Female,India,Premium
2677,64,Female,UK,Standard
2678,47,Female,UK,Standard
2679,39,Female,USA,Standard
2680,33,Male,India,Premium
2681,31,Female,India,Standard
2682,55,Female,India,Standard
2683,24,Male,India,Student
2684,51,Female,India,Premium
2685,49,Female,Canada,Student
2686,37,Male,India,Premium
2687,25,Female,UK,Student
2688,35,Female,India,Family
2689,20,Male,India,Standard
2690,25,Female,India,Premium
2691,26,Female,USA,Student
2692,22,Female,India,Family
2693,21,Male,Australia,Standard
2694,25,Male,USA,Family
2695,28,Female,India,Basic
2696,51,Male,UK,Standard
2697,51,Male,India,Standard
2698,27,Female,India,Standard
2699,37,Male,India,Standard
2700,25,Male,India,Family
2701,28,Male,India,Family
2702,33,Male,India,Standard
2703,48,Female,India,Standard
2704,37,Male,Australia,Standard
2705,24,Female,Australia,Premium
2706,44,Male,Australia,Basic
2707,23,Female,India,Premium
2708,38,Female,USA,Premium
2709,46,Male,India,Premium
2710,43,Male,India,Basic
2711,37,Male,India,Standard
2712,43,Female,India,Premium
2713,21,Male,India,Standard
2714,40,Male,USA,Standard
2715,41,Female,India,Basic
2716,27,Male,India,Premium
2717,54,Female,India,Premium
2718,36,Male,India,Premium
2719,62,Male,India,Student
2720,59,Female,India,Standard
2721,21,Male,India,Premium
2722,32,Female,India,Premium
2723,19,Male,India,Premium
2724,40,Male,India,Standard
2725,56,Male,Canada,Family
2726,29,Female,India,Basic
2727,26,Male,Australia,Premium
2728,63,Male,India,Student
2729,25,Female,India,Premium
2730,27,Female,Canada,Standard
2731,60,Male,India,Family
2732,33,Male,India,Standard
2733,21,Male,India,Standard
2734,31,Male,India,Standard
2735,56,Male,Australia,Basic
2736,30,Male,Canada,Basic
2737,21,Male,India,Standard
2738,20,Male,India,Premium
2739,19,Female,India,Family
2740,54,Female,India,Family
2741,56,Female,India,Standard
2742,44,Male,India,Family
2743,27,Female,India,Standard
2744,53,Male,India,Premium
2745,38,Male,Canada,Premium
2746,48,Female,UK,Standard
2747,20,Female,Canada,Standard
2748,33,Female,UK,Standard
2749,46,Female,India,Premium
2750,28,Female,India,Family
2751,34,Female,India,Basic
2752,49,Male,India,Premium
2753,29,Male,UK,Standard
2754,23,Male,India,Standard
2755,52,Female,India,Basic
2756,58,Male,UK,Basic
2757,36,Female,UK,Standard
2758,35,Female,USA,Standard
2759,29,Female,India,Standard
2760,49,Male,India,Premium
2761,24,Male,India,Family
2762,19,Male,India,Premium
2763,57,Female,India,Standard
2764,29,Male,India,Basic
2765,38,Female,India,Premium
2766,18,Female,India,Standard
2767,34,Female,Canada,Premium
2768,23,Female,India,Student
2769,57,Male,India,Student
2770,35,Male,India,Student
2771,33,Male,India,Premium
2772,58,Male,USA,Family
2773,38,Male,India,Basic
2774,18,Female,India,Premium
2775,51,Female,USA,Premium
2776,31,Male,India,Family
2777,63,Male,India,Student
2778,29,Male,India,Student
2779,40,Female,India,Premium
2780,27,Female,India,Standard
2781,57,Female,Canada,Student
2782,50,Female,Australia,Premium
2783,20,Female,USA,Premium
2784,19,Male,Australia,Standard
2785,18,Female,USA,Standard
2786,46,Male,India,Standard
2787,29,Female,India,Standard
2788,31,Male,India,Standard
2789,49,Female,Australia,Basic
2790,27,Male,India,Basic
2791,56,Female,India,Standard
2792,18,Male,USA,Standard
2793,64,Female,India,Basic
2794,42,Male,India,Basic
2795,19,Female,India,Basic
2796,26,Female,USA,Student
2797,25,Female,Australia,Premium
2798,21,Male,India,Standard
2799,27,Female,Canada,Standard
2800,50,Female,India,Standard
2801,59,Male,USA,Basic
2802,48,Female,India,Premium
2803,33,Male,India,Standard
2804,52,Female,India,Student
2805,44,Female,India,Standard
2806,30,Male,India,Basic
2807,24,Male,India,Premium
2808,19,Male,UK,Standard
2809,65,Male,USA,Standard
2810,58,Female,Australia,Student
2811,23,Female,UK,Student
2812,32,Male,Canada,Standard
2813,28,Female,USA,Basic
2814,38,Male,India,Premium
2815,26,Male,Australia,Premium
2816,36,Male,India,Premium
2817,56,Male,India,Premium
2818,46,Male,India,Standard
2819,18,Female,Australia,Standard
2820,23,Male,India,Basic
2821,46,Male,Canada,Student
2822,19,Female,Australia,Family
2823,49,Male,USA,Standard
2824,65,Female,India,Student
2825,39,Male,India,Standard
2826,60,Female,India,Standard
2827,54,Female,USA,Standard
2828,39,Male,India,Standard
2829,23,Male,India,Family
2830,49,Male,India,Family
2831,46,Male,USA,Standard
2832,48,Male,India,Student
2833,32,Female,Canada,Student
2834,54,Male,Australia,Premium
2835,55,Female,India,Family
2836,21,Female,India,Standard
2837,32,Male,India,Student
2838,33,Male,Australia,Student
2839,54,Female,India,Family
2840,48,Male,India,Basic
2841,22,Female,USA,Premium
2842,54,Male,Australia,Premium
2843,65,Male,India,Standard
2844,33,Female,India,Family
2845,61,Female,USA,Basic
2846,28,Female,Australia,Family
2847,33,Female,India,Standard
2848,60,Female,USA,Basic
2849,60,Female,India,Premium
2850,21,Male,India,Standard
2851,64,Female,India,Standard
2852,23,Female,Australia,Premium
2853,25,Female,India,Premium
2854,56,Male,India,Premium
2855,30,Female,USA,Basic
2856,51,Female,UK,Student
2857,44,Female,India,Premium
2858,63,Female,Australia,Basic
2859,45,Female,Canada,Student
2860,24,Male,Canada,Standard
2861,65,Male,India,Standard
2862,25,Female,Canada,Student
2863,28,Female,USA,Premium
2864,29,Female,Australia,Standard
2865,50,Male,Canada,Student
2866,25,Female,Canada,Family
2867,58,Female,India,Standard
2868,43,Male,Australia,Premium
2869,18,Female,India,Standard
2870,53,Male,USA,Premium
2871,58,Male,India,Premium
2872,26,Female,India,Basic
2873,39,Female,India,Basic
2874,22,Female,India,Standard
2875,26,Male,India,Student
2876,44,Male,India,Basic
2877,32,Male,India,Basic
2878,44,Female,India,Student
2879,43,Female,India,Basic
2880,40,Female,Canada,Basic
2881,38,Male,India,Basic
2882,45,Female,India,Family
2883,30,Male,India,Premium
2884,47,Male,Australia,Standard
2885,64,Female,India,Premium
2886,60,Male,UK,Standard
2887,35,Male,India,Basic
2888,50,Female,Australia,Standard
2889,56,Female,India,Standard
2890,33,Male,USA,Family
2891,26,Female,India,Student
2892,20,Male,India,Student
2893,28,Male,India,Student
2894,36,Female,India,Student
2895,23,Female,Canada,Premium
2896,51,Male,India,Family
2897,38,Male,Australia,Basic
2898,23,Male,USA,Student
2899,18,Female,Canada,Standard
2900,64,Male,Canada,Basic
2901,48,Male,India,Family
2902,61,Male,India,Student
2903,57,Male,India,Premium
2904,51,Female,UK,Basic
2905,28,Male,India,Basic
2906,49,Female,India,Standard
2907,42,Female,India,Student
2908,53,Male,India,Premium
2909,56,Female,India,Basic
2910,39,Female,UK,Premium
2911,33,Male,India,Family
2912,46,Male,UK,Standard
2913,36,Male,USA,Basic
2914,42,Male,UK,Student
2915,24,Female,UK,Basic
2916,62,Male,India,Basic
2917,28,Male,India,Standard
2918,64,Female,India,Standard
2919,31,Female,India,Standard
2920,37,Female,UK,Standard
2921,35,Male,India,Standard
2922,46,Female,UK,Premium
2923,33,Female,India,Premium
2924,25,Male,UK,Student
2925,34,Male,India,Standard
2926,42,Female,UK,Standard
2927,64,Female,India,Standard
2928,44,Male,India,Student
2929,33,Female,India,Student
2930,32,Male,UK,Student
2931,20,Female,India,Standard
2932,41,Male,USA,Family
2933,24,Male,UK,Premium
2934,44,Male,Canada,Standard
2935,27,Female,India,Basic
2936,33,Male,Australia,Standard
2937,57,Female,Australia,Standard
2938,44,Female,India,Premium
2939,46,Male,India,Standard
2940,55,Male,India,Family
2941,29,Female,India,Standard
2942,45,Male,Canada,Student
2943,52,Female,India,Student
2944,57,Female,India,Student
2945,25,Female,India,Premium
2946,48,Male,India,Standard
2947,36,Female,India,Premium
2948,24,Male,India,Standard
2949,23,Male,India,Standard
2950,53,Female,India,Family
2951,58,Male,India,Student
2952,26,Female,India,Premium
2953,19,Male,India,Premium
2954,29,Female,India,Student
2955,46,Female,Australia,Standard
2956,40,Female,India,Standard
2957,40,Male,India,Basic
2958,48,Female,India,Basic
2959,19,Male,India,Family
2960,41,Female,India,Premium
2961,18,Female,India,Family
2962,41,Male,India,Basic
2963,25,Male,USA,Standard
2964,22,Male,UK,Standard
2965,23,Male,USA,Basic
2966,54,Male,Canada,Standard
2967,57,Female,India,Student
2968,34,Male,USA,Premium
2969,48,Female,India,Basic
2970,24,Female,India,Student
2971,27,Male,India,Student
2972,49,Female,India,Standard
2973,45,Male,India,Basic
2974,52,Male,India,Family
2975,60,Female,India,Premium
2976,54,Female,India,Standard
2977,28,Male,India,Standard
2978,53,Male,India,Premium
2979,54,Male,India,Family
2980,45,Male,India,Student
2981,18,Male,India,Premium
2982,40,Female,India,Premium
2983,41,Female,India,Standard
2984,48,Female,India,Basic
2985,39,Male,UK,Basic
2986,57,Female,Australia,Premium
2987,36,Male,UK,Student
2988,20,Female,USA,Standard
2989,18,Male,USA,Premium
2990,60,Male,India,Standard
2991,51,Male,UK,Premium
2992,20,Female,USA,Standard
2993,21,Male,India,Family
2994,60,Female,India,Premium
2995,54,Female,India,Family
2996,34,Male,India,Premium
2997,44,Male,India,Student
2998,34,Male,Canada,Basic
2999,43,Female,India,Basic
3000,19,Male,Australia,Premium
3001,33,Male,India,Student
3002,64,Male,Canada,Standard
3003,42,Female,India,Premium
3004,61,Male,UK,Premium
3005,26,Female,USA,Family
3006,55,Female,India,Premium
3007,40,Female,India,Standard
3008,22,Female,India,Student
3009,64,Male,India,Premium
3010,35,Female,USA,Premium
3011,50,Female,India,Standard
3012,61,Male,Australia,Premium
3013,53,Female,India,Standard
3014,48,Male,USA,Basic
3015,39,Male,UK,Standard
3016,46,Female,India,Basic
3017,48,Male,India,Premium
3018,52,Female,USA,Premium
3019,62,Female,India,Student
3020,54,Male,India,Student
3021,31,Male,UK,Standard
3022,46,Female,USA,Family
3023,33,Male,UK,Premium
3024,23,Female,Australia,Premium
3025,50,Male,India,Premium
3026,43,Female,India,Student
3027,54,Male,USA,Standard
3028,30,Female,Canada,Premium
3029,40,Female,USA,Basic
3030,58,Male,India,Premium
3031,38,Female,India,Family
3032,55,Male,India,Premium
3033,24,Female,India,Standard
3034,33,Male,USA,Premium
3035,53,Female,India,Standard
3036,49,Male,India,Student
3037,65,Male,India,Family
3038,55,Female,Australia,Family
3039,29,Female,USA,Premium
3040,43,Female,India,Premium
3041,30,Male,India,Standard
3042,41,Male,India,Standard
3043,25,Female,India,Premium
3044,46,Female,India,Premium
3045,26,Male,India,Student
3046,19,Female,India,Basic
3047,36,Male,India,Standard
3048,54,Female,UK,Basic
3049,47,Male,Canada,Student
3050,55,Female,India,Standard
3051,60,Male,India,Standard
3052,36,Male,India,Standard
3053,54,Male,Canada,Basic
3054,51,Female,India,Standard
3055,42,Male,India,Basic
3056,51,Male,Canada,Student
3057,58,Male,India,Premium
3058,19,Female,India,Premium
3059,54,Female,India,Basic
3060,21,Male,India,Student
3061,39,Male,Canada,Premium
3062,58,Female,India,Family
3063,61,Female,Canada,Standard
3064,48,Male,Canada,Family
3065,62,Female,Australia,Standard
3066,57,Female,India,Basic
3067,18,Female,India,Premium
3068,37,Male,UK,Basic
3069,45,Male,India,Standard
3070,62,Male,India,Standard
3071,44,Female,USA,Standard
3072,58,Male,India,Basic
3073,38,Male,India,Standard
3074,45,Female,India,Standard
3075,58,Female,India,Standard
3076,27,Male,India,Basic
3077,40,Female,USA,Basic
3078,41,Female,India,Student
3079,30,Female,India,Premium
3080,19,Male,India,Standard
3081,65,Female,USA,Premium
3082,25,Male,India,Standard
3083,47,Male,USA,Basic
3084,64,Male,Canada,Standard
3085,49,Male,India,Basic
3086,30,Male,India,Standard
3087,52,Female,India,Student
3088,43,Male,India,Standard
3089,64,Male,India,Family
3090,46,Female,India,Student
3091,30,Female,India,Standard
3092,48,Male,India,Premium
3093,19,Female,India,Basic
3094,27,Female,India,Premium
3095,57,Male,India,Standard
3096,43,Male,UK,Standard
3097,59,Male,India,Family
3098,63,Male,India,Basic
3099,36,Male,India,Basic
3100,31,Male,Australia,Standard
3101,18,Male,India,Premium
3102,25,Female,India,Standard
3103,42,Female,India,Student
3104,24,Male,UK,Premium
3105,24,Female,India,Standard
3106,53,Female,India,Premium
3107,53,Female,UK,Standard
3108,33,Female,India,Standard
3109,18,Male,India,Premium
3110,46,Female,India,Basic
3111,55,Female,India,Premium
3112,53,Male,Canada,Standard
3113,35,Male,India,Student
3114,56,Female,India,Basic
3115,18,Female,Canada,Student
3116,47,Male,UK,Basic
3117,54,Male,India,Basic
3118,52,Male,India,Standard
3119,46,Male,Australia,Premium
3120,52,Female,USA,Basic
3121,26,Male,USA,Premium
3122,28,Female,India,Standard
3123,18,Female,UK,Premium
3124,20,Female,India,Standard
3125,42,Male,India,Basic
3126,32,Male,India,Premium
3127,21,Male,UK,Premium
3128,54,Male,India,Family
3129,29,Male,Australia,Premium
3130,44,Male,India,Premium
3131,27,Female,USA,Basic
3132,35,Male,India,Student
3133,25,Female,Canada,Basic
3134,51,Female,India,Student
3135,39,Male,Canada,Family
3136,33,Female,India,Premium
3137,65,Male,India,Standard
3138,36,Male,India,Standard
3139,22,Female,Canada,Basic
3140,23,Male,India,Basic
3141,56,Female,India,Premium
3142,26,Female,USA,Student
3143,18,Female,India,Premium
3144,35,Male,India,Family
3145,44,Male,USA,Standard
3146,37,Male,India,Standard
3147,64,Male,India,Standard
3148,65,Female,India,Basic
3149,60,Female,USA,Basic
3150,23,Female,India,Standard
3151,19,Female,USA,Standard
3152,24,Female,Australia,Premium
3153,27,Female,India,Family
3154,21,Female,India,Standard
3155,63,Female,India,Standard
3156,61,Male,India,Standard
3157,31,Male,India,Family
3158,44,Male,India,Student
3159,27,Female,India,Student
3160,58,Male,UK,Standard
3161,38,Male,India,Family
3162,32,Male,India,Family
3163,51,Female,Australia,Premium
3164,48,Female,India,Premium
3165,21,Female,UK,Basic
3166,38,Female,Canada,Standard
3167,60,Male,Australia,Basic
3168,61,Male,India,Student
3169,25,Male,Canada,Family
3170,37,Female,Australia,Basic
3171,49,Male,USA,Standard
3172,42,Female,Australia,Standard
3173,43,Male,India,Family
3174,19,Female,India,Standard
3175,24,Male,Canada,Basic
3176,29,Female,India,Premium
3177,33,Female,India,Premium
3178,37,Female,UK,Standard
3179,49,Male,India,Standard
3180,33,Female,India,Premium
3181,50,Male,India,Standard
3182,37,Male,India,Standard
3183,54,Female,India,Standard
3184,40,Male,UK,Premium
3185,47,Male,India,Student
3186,33,Female,India,Basic
3187,46,Female,India,Basic
3188,58,Female,India,Family
3189,51,Female,India,Student
3190,18,Male,Australia,Student
3191,29,Female,India,Premium
3192,35,Female,India,Premium
3193,44,Female,India,Standard
3194,19,Female,Canada,Premium
3195,24,Male,UK,Standard
3196,29,Male,India,Student
3197,48,Male,India,Basic
3198,22,Male,India,Standard
3199,23,Female,India,Basic
3200,59,Female,India,Standard
3201,64,Female,India,Premium
3202,24,Male,India,Premium
3203,39,Female,India,Family
3204,35,Male,India,Premium
3205,60,Female,USA,Premium
3206,54,Male,India,Student
3207,26,Male,Canada,Premium
3208,31,Male,USA,Basic
3209,37,Female,India,Student
3210,60,Female,India,Standard
3211,42,Male,Australia,Standard
3212,50,Male,India,Premium
3213,29,Female,India,Standard
3214,48,Female,India,Standard
3215,20,Male,India,Family
3216,26,Male,India,Standard
3217,26,Male,India,Student
3218,18,Male,UK,Standard
3219,49,Female,India,Family
3220,29,Female,UK,Basic
3221,29,Female,India,Student
3222,50,Female,Australia,Student
3223,46,Male,India,Standard
3224,61,Female,India,Premium
3225,35,Female,UK,Family
3226,33,Male,India,Premium
3227,38,Female,India,Standard
3228,36,Female,India,Standard
3229,47,Female,USA,Standard
3230,52,Female,India,Basic
3231,33,Female,USA,Premium
3232,29,Female,Australia,Basic
3233,61,Female,UK,Premium
3234,49,Male,USA,Standard
3235,53,Female,India,Standard
3236,48,Female,India,Premium
3237,53,Female,India,Premium
3238,30,Male,India,Premium
3239,32,Male,India,Basic
3240,25,Male,India,Standard
3241,39,Male,India,Basic
3242,56,Female,Canada,Standard
3243,40,Female,India,Student
3244,22,Female,India,Basic
3245,59,Female,India,Standard
3246,57,Male,Canada,Premium
3247,62,Female,India,Premium
3248,32,Female,India,Student
3249,57,Male,India,Student
3250,45,Female,Australia,Basic
3251,63,Female,Australia,Family
3252,58,Male,India,Student
3253,62,Male,Australia,Premium
3254,64,Female,India,Premium
3255,48,Male,India,Family
3256,41,Female,India,Student
3257,58,Male,Canada,Standard
3258,41,Male,India,Family
3259,58,Male,Australia,Standard
3260,31,Male,India,Family
3261,40,Female,India,Standard
3262,65,Female,India,Student
3263,28,Female,India,Standard
3264,63,Male,India,Basic
3265,41,Female,India,Standard
3266,33,Male,Australia,Standard
3267,59,Female,Canada,Standard
3268,33,Male,India,Premium
3269,54,Female,India,Student
3270,52,Female,India,Standard
3271,65,Male,India,Standard
3272,24,Female,Australia,Standard
3273,33,Female,USA,Student
3274,56,Female,India,Basic
3275,58,Female,UK,Basic
3276,30,Male,India,Standard
3277,36,Female,India,Standard
3278,44,Male,India,Family
3279,41,Male,India,Standard
3280,40,Female,India,Premium
3281,21,Male,Canada,Standard
3282,60,Female,India,Family
3283,23,Female,Canada,Premium
3284,59,Female,India,Standard
3285,45,Female,India,Premium
3286,31,Female,India,Premium
3287,55,Male,Canada,Standard
3288,22,Male,Canada,Standard
3289,40,Male,USA,Student
3290,24,Female,India,Student
3291,26,Female,UK,Standard
3292,25,Male,India,Basic
3293,52,Female,India,Family
3294,32,Female,India,Standard
3295,20,Male,India,Premium
3296,27,Male,India,Standard
3297,19,Female,India,Premium
3298,23,Male,India,Premium
3299,60,Male,India,Basic
3300,53,Female,India,Basic
3301,43,Female,India,Student
3302,29,Female,Canada,Premium
3303,57,Male,India,Student
3304,62,Female,Canada,Standard
3305,20,Male,India,Basic
3306,43,Female,Australia,Premium
3307,49,Male,India,Basic
3308,42,Female,India,Basic
3309,54,Male,India,Standard
3310,40,Female,India,Standard
3311,35,Male,Australia,Standard
3312,20,Male,India,Premium
3313,63,Female,India,Standard
3314,63,Male,India,Student
3315,61,Female,India,Student
3316,50,Female,India,Basic
3317,34,Male,India,Premium
3318,45,Female,India,Standard
3319,38,Male,USA,Basic
3320,36,Male,India,Standard
3321,38,Male,India,Student
3322,58,Female,USA,Premium
3323,34,Female,India,Premium
3324,52,Male,UK,Premium
3325,47,Male,India,Basic
3326,32,Female,India,Standard
3327,30,Male,India,Standard
3328,56,Male,India,Student
3329,28,Male,India,Premium
3330,18,Female,India,Student
3331,60,Female,India,Basic
3332,28,Female,India,Standard
3333,57,Female,India,Standard
3334,59,Female,India,Student
3335,42,Male,India,Standard
3336,56,Female,UK,Basic
3337,65,Female,Australia,Student
3338,25,Male,India,Student
3339,61,Male,India,Standard
3340,31,Female,India,Student
3341,60,Male,UK,Standard
3342,41,Female,UK,Premium
3343,45,Male,India,Student
3344,29,Female,India,Student
3345,26,Male,India,Standard
3346,43,Male,India,Student
3347,25,Female,India,Student
3348,32,Female,India,Basic
3349,61,Male,India,Standard
3350,21,Male,UK,Basic
3351,33,Male,India,Standard
3352,31,Male,Australia,Basic
3353,35,Female,India,Premium
3354,45,Male,India,Premium
3355,50,Male,India,Basic
3356,46,Female,India,Basic
3357,63,Female,India,Basic
3358,28,Male,India,Standard
3359,65,Female,India,Premium
3360,33,Male,Canada,Family
3361,28,Male,India,Premium
3362,57,Female,India,Student
3363,43,Female,India,Premium
3364,61,Male,India,Standard
3365,45,Male,Australia,Basic
3366,35,Female,India,Premium
3367,30,Male,India,Standard
3368,53,Male,Canada,Family
3369,61,Female,Australia,Standard
3370,27,Female,India,Premium
3371,62,Male,India,Standard
3372,50,Male,Australia,Premium
3373,63,Female,India,Standard
3374,64,Female,India,Family
3375,48,Female,India,Premium
3376,27,Female,Australia,Premium
3377,54,Female,India,Standard
3378,32,Female,India,Premium
3379,44,Female,USA,Standard
3380,32,Male,India,Basic
3381,27,Male,India,Standard
3382,64,Male,Canada,Student
3383,56,Female,India,Basic
3384,35,Female,USA,Standard
3385,34,Male,India,Basic
3386,24,Female,India,Premium
3387,19,Female,India,Standard
3388,37,Female,UK,Premium
3389,45,Female,India,Student
3390,18,Male,India,Student
3391,18,Male,India,Student
3392,29,Female,India,Standard
3393,36,Male,UK,Standard
3394,46,Male,Canada,Family
3395,41,Male,India,Standard
3396,63,Male,India,Basic
3397,50,Male,USA,Standard
3398,22,Male,Australia,Standard
3399,28,Male,India,Standard
3400,50,Female,India,Standard
3401,55,Male,USA,Basic
3402,23,Male,USA,Standard
3403,35,Male,India,Basic
3404,41,Male,India,Basic
3405,65,Male,Canada,Basic
3406,59,Male,USA,Family
3407,60,Female,Canada,Student
3408,23,Female,UK,Premium
3409,23,Male,India,Standard
3410,36,Male,India,Basic
3411,63,Male,India,Premium
3412,62,Male,Canada,Basic
3413,59,Male,India,Standard
3414,54,Male,India,Basic
3415,51,Male,Canada,Standard
3416,20,Female,India,Family
3417,45,Male,USA,Standard
3418,25,Male,India,Premium
3419,45,Male,India,Premium
3420,52,Male,India,Basic
3421,25,Female,India,Premium
3422,22,Female,India,Premium
3423,30,Male,Canada,Premium
3424,21,Female,India,Family
3425,21,Male,UK,Premium
3426,34,Male,India,Premium
3427,24,Male,India,Student
3428,31,Female,India,Premium
3429,37,Male,USA,Standard
3430,47,Female,USA,Standard
3431,54,Male,India,Basic
3432,22,Female,Australia,Premium
3433,28,Male,UK,Student
3434,18,Male,India,Basic
3435,35,Male,India,Student
3436,42,Male,India,Basic
3437,56,Male,India,Basic
3438,34,Female,Australia,Standard
3439,58,Female,India,Basic
3440,55,Female,India,Student
3441,51,Female,India,Student
3442,58,Female,India,Standard
3443,48,Male,India,Standard
3444,18,Female,Canada,Student
3445,39,Male,Australia,Student
3446,49,Male,India,Student
3447,60,Male,India,Standard
3448,30,Female,India,Basic
3449,43,Female,USA,Standard
3450,23,Male,India,Family
3451,42,Male,India,Basic
3452,54,Female,India,Student
3453,60,Male,USA,Basic
3454,20,Female,USA,Family
3455,26,Female,Australia,Standard
3456,65,Male,India,Premium
3457,52,Male,India,Standard
3458,57,Male,India,Standard
3459,37,Female,India,Standard
3460,38,Male,Australia,Standard
3461,60,Male,India,Premium
3462,43,Male,India,Premium
3463,34,Female,India,Premium
3464,36,Female,India,Premium
3465,55,Male,India,Family
3466,44,Male,India,Standard
3467,33,Female,UK,Premium
3468,61,Male,India,Basic
3469,43,Male,India,Premium
3470,61,Male,India,Standard
3471,19,Male,USA,Premium
3472,19,Male,India,Family
3473,33,Female,India,Basic
3474,18,Female,USA,Family
3475,22,Male,Australia,Student
3476,25,Male,India,Standard
3477,65,Female,India,Standard
3478,39,Female,India,Standard
3479,26,Female,India,Standard
3480,56,Male,India,Family
3481,50,Female,India,Premium
3482,63,Male,India,Standard
3483,62,Male,India,Family
3484,56,Male,Canada,Standard
3485,24,Male,India,Standard
3486,37,Female,India,Standard
3487,20,Female,India,Premium
3488,31,Male,India,Basic
3489,60,Female,India,Premium
3490,22,Male,Australia,Family
3491,65,Male,India,Basic
3492,28,Female,India,Basic
3493,53,Female,India,Standard
3494,23,Female,India,Family
3495,25,Female,India,Basic
3496,39,Female,India,Premium
3497,24,Female,India,Basic
3498,38,Female,Canada,Standard
3499,25,Male,India,Basic
3500,53,Female,India,Student
3501,56,Male,India,Student
3502,60,Female,India,Standard
3503,35,Male,UK,Student
3504,34,Female,Canada,Premium
3505,40,Female,India,Family
3506,58,Male,India,Standard
3507,50,Male,India,Basic
3508,37,Female,India,Student
3509,62,Male,India,Family
3510,35,Female,UK,Standard
3511,41,Male,India,Student
3512,40,Male,India,Premium
3513,27,Female,Australia,Premium
3514,59,Male,India,Standard
3515,57,Male,Australia,Standard
3516,44,Female,Australia,Standard
3517,65,Male,India,Standard
3518,48,Female,USA,Premium
3519,44,Male,India,Premium
3520,46,Male,India,Basic
3521,54,Female,India,Basic
3522,40,Male,UK,Standard
3523,48,Male,India,Basic
3524,57,Male,Canada,Family
3525,18,Male,India,Premium
3526,42,Male,USA,Premium
3527,65,Male,Canada,Premium
3528,47,Female,Australia,Basic
3529,60,Female,India,Standard
3530,53,Female,India,Standard
3531,40,Female,India,Standard
3532,44,Female,USA,Basic
3533,43,Male,India,Basic
3534,50,Female,UK,Student
3535,20,Female,India,Standard
3536,26,Female,India,Family
3537,42,Male,India,Standard
3538,20,Male,India,Family
3539,27,Male,India,Premium
3540,42,Female,India,Basic
3541,39,Male,India,Premium
3542,46,Female,India,Family
3543,54,Male,India,Premium
3544,52,Female,USA,Standard
3545,42,Male,India,Student
3546,46,Female,India,Standard
3547,58,Male,Canada,Basic
3548,42,Female,India,Family
3549,55,Female,India,Basic
3550,24,Male,India,Student
3551,62,Male,India,Premium
3552,41,Male,India,Premium
3553,65,Female,India,Premium
3554,26,Female,Australia,Premium
3555,28,Male,India,Basic
3556,64,Male,USA,Basic
3557,48,Male,India,Standard
3558,20,Male,India,Student
3559,28,Female,India,Standard
3560,31,Male,India,Basic
3561,54,Female,India,Premium
3562,33,Female,India,Student
3563,54,Male,India,Standard
3564,46,Female,India,Student
3565,34,Female,Australia,Family
3566,53,Female,India,Standard
3567,47,Female,India,Basic
3568,46,Male,India,Premium
3569,40,Female,India,Student
3570,62,Female,India,Basic
3571,47,Female,India,Basic
3572,43,Male,UK,Standard
3573,25,Male,India,Premium
3574,48,Female,USA,Student
3575,48,Male,India,Family
3576,52,Female,UK,Basic
3577,41,Male,India,Standard
3578,32,Female,India,Student
3579,50,Male,India,Student
3580,65,Male,India,Standard
3581,62,Male,Canada,Premium
3582,49,Female,Canada,Standard
3583,60,Male,India,Basic
3584,36,Male,India,Family
3585,57,Male,India,Basic
3586,61,Male,USA,Basic
3587,27,Female,India,Student
3588,55,Male,India,Basic
3589,62,Female,India,Standard
3590,39,Female,India,Family
3591,54,Female,Canada,Premium
3592,35,Female,India,Standard
3593,51,Male,India,Student
3594,52,Female,India,Basic
3595,59,Male,India,Premium
3596,36,Male,Canada,Standard
3597,32,Male,India,Standard
3598,59,Male,India,Student
3599,22,Male,USA,Premium
3600,18,Female,Canada,Premium
3601,64,Male,India,Basic
3602,61,Female,India,Standard
3603,26,Female,Canada,Premium
3604,47,Female,Australia,Standard
3605,47,Female,UK,Standard
3606,43,Female,USA,Premium
3607,26,Male,India,Standard
3608,40,Female,USA,Standard
3609,49,Female,India,Basic
3610,42,Male,India,Premium
3611,39,Female,UK,Standard
3612,51,Female,India,Standard
3613,29,Male,India,Student
3614,63,Male,India,Basic
3615,35,Male,USA,Premium
3616,40,Male,USA,Premium
3617,63,Female,USA,Basic
3618,35,Female,India,Premium
3619,42,Male,India,Basic
3620,61,Male,India,Standard
3621,21,Male,India,Premium
3622,63,Male,USA,Family
3623,37,Male,India,Standard
3624,27,Female,USA,Standard
3625,30,Male,UK,Student
3626,21,Female,India,Basic
3627,60,Male,USA,Student
3628,48,Female,India,Family
3629,25,Male,USA,Premium
3630,19,Male,India,Student
3631,65,Female,India,Standard
3632,21,Female,India,Basic
3633,31,Male,India,Student
3634,54,Male,India,Student
3635,25,Male,India,Student
3636,59,Female,India,Student
3637,22,Male,India,Student
3638,62,Male,USA,Standard
3639,26,Female,UK,Student
3640,48,Male,India,Basic
3641,52,Female,India,Premium
3642,58,Female,Australia,Family
3643,25,Female,Australia,Basic
3644,23,Female,Australia,Premium
3645,61,Female,India,Student
3646,35,Male,India,Premium
3647,53,Female,India,Standard
3648,48,Female,India,Standard
3649,18,Male,India,Family
3650,61,Male,India,Premium
3651,46,Male,India,Premium
3652,39,Female,India,Basic
3653,45,Female,India,Premium
3654,62,Male,India,Standard
3655,60,Female,Canada,Premium
3656,29,Female,India,Basic
3657,45,Female,India,Premium
3658,35,Male,India,Student
3659,60,Male,Australia,Family
3660,38,Female,India,Student
3661,26,Female,Australia,Basic
3662,30,Male,India,Premium
3663,40,Female,India,Standard
3664,48,Female,Australia,Family
3665,41,Female,India,Family
3666,25,Male,India,Student
3667,18,Male,Australia,Student
3668,58,Female,India,Student
3669,24,Female,India,Standard
3670,48,Female,India,Basic
3671,45,Male,USA,Standard
3672,59,Male,India,Basic
3673,33,Female,Australia,Basic
3674,51,Male,India,Premium
3675,60,Male,Canada,Basic
3676,44,Male,India,Family
3677,46,Male,India,Basic
3678,48,Female,India,Premium
3679,51,Male,Australia,Premium
3680,49,Male,India,Premium
3681,56,Female,India,Student
3682,51,Male,USA,Standard
3683,24,Female,India,Standard
3684,27,Male,USA,Premium
3685,38,Female,India,Premium
3686,30,Female,India,Standard
3687,41,Female,India,Premium
3688,30,Female,India,Basic
3689,56,Female,India,Family
3690,33,Female,India,Standard
3691,53,Female,India,Standard
3692,47,Male,India,Basic
3693,51,Female,India,Standard
3694,58,Male,India,Premium
3695,42,Male,UK,Premium
3696,23,Male,India,Standard
3697,33,Male,India,Standard
3698,53,Male,India,Premium
3699,24,Female,Australia,Premium
3700,31,Male,UK,Premium
3701,65,Male,India,Basic
3702,24,Male,India,Standard
3703,51,Female,India,Premium
3704,38,Male,India,Family
3705,37,Male,India,Student
3706,22,Female,UK,Standard
3707,52,Female,Australia,Family
3708,19,Male,Canada,Standard
3709,20,Female,Australia,Basic
3710,28,Male,India,Student
3711,60,Male,India,Basic
3712,22,Female,India,Standard
3713,56,Female,India,Family
3714,62,Female,India,Standard
3715,42,Female,India,Basic
3716,27,Female,India,Basic
3717,49,Female,USA,Standard
3718,61,Female,USA,Family
3719,65,Female,India,Standard
3720,23,Male,India,Family
3721,24,Female,USA,Standard
3722,62,Male,USA,Premium
3723,36,Male,India,Basic
3724,38,Female,Canada,Basic
3725,42,Male,India,Standard
3726,59,Male,USA,Standard
3727,28,Female,UK,Student
3728,20,Female,India,Student
3729,22,Female,India,Student
3730,51,Female,India,Student
3731,55,Male,India,Standard
3732,22,Female,India,Premium
3733,44,Male,India,Basic
3734,35,Female,India,Standard
3735,27,Male,Canada,Premium
3736,58,Female,India,Premium
3737,65,Male,India,Student
3738,57,Female,India,Student
3739,56,Male,Australia,Standard
3740,37,Female,USA,Premium
3741,60,Female,India,Basic
3742,28,Male,India,Family
3743,62,Male,USA,Student
3744,47,Female,USA,Premium
3745,64,Female,UK,Standard
3746,38,Female,Australia,Standard
3747,42,Male,India,Basic
3748,45,Male,India,Student
3749,54,Female,USA,Student
3750,28,Male,India,Premium
3751,36,Female,India,Premium
3752,54,Male,Canada,Standard
3753,46,Male,India,Standard
3754,53,Male,India,Premium
3755,52,Female,India,Student
3756,39,Male,India,Premium
3757,21,Male,USA,Standard
3758,44,Female,Canada,Family
3759,42,Female,Canada,Family
3760,42,Female,Australia,Basic
3761,52,Male,India,Family
3762,20,Male,India,Basic
3763,23,Female,Australia,Standard
3764,51,Male,India,Basic
3765,43,Female,India,Student
3766,54,Male,India,Basic
3767,63,Female,India,Standard
3768,41,Female,USA,Standard
3769,40,Female,India,Premium
3770,59,Male,India,Student
3771,19,Female,India,Standard
3772,64,Female,India,Standard
3773,64,Male,India,Standard
3774,30,Female,India,Premium
3775,43,Female,India,Premium
3776,27,Male,India,Basic
3777,29,Female,India,Standard
3778,63,Female,USA,Standard
3779,41,Male,India,Student
3780,42,Female,India,Student
3781,53,Male,India,Standard
3782,42,Female,India,Basic
3783,18,Male,India,Standard
3784,31,Female,India,Standard
3785,51,Male,UK,Basic
3786,62,Female,UK,Standard
3787,28,Male,India,Student
3788,46,Male,UK,Premium
3789,45,Male,India,Standard
3790,39,Male,India,Family
3791,24,Female,India,Basic
3792,39,Female,India,Family
3793,20,Female,Australia,Basic
3794,53,Male,India,Premium
3795,27,Female,UK,Basic
3796,65,Female,India,Premium
3797,19,Male,India,Basic
3798,32,Male,Canada,Student
3799,34,Female,India,Premium
3800,26,Male,Canada,Standard
3801,34,Male,India,Student
3802,35,Female,India,Student
3803,21,Female,India,Premium
3804,53,Female,India,Premium
3805,61,Male,India,Premium
3806,27,Female,India,Basic
3807,52,Female,India,Premium
3808,62,Male,India,Standard
3809,32,Male,USA,Student
3810,56,Male,Australia,Standard
3811,29,Female,India,Premium
3812,49,Female,UK,Basic
3813,32,Male,USA,Student
3814,54,Male,India,Premium
3815,20,Female,India,Premium
3816,30,Female,Canada,Family
3817,50,Female,India,Standard
3818,51,Male,India,Student
3819,34,Male,Australia,Student
3820,48,Male,India,Family
3821,37,Female,India,Standard
3822,22,Female,USA,Student
3823,23,Female,UK,Student
3824,23,Female,India,Basic
3825,61,Male,USA,Basic
3826,43,Female,India,Standard
3827,21,Female,India,Basic
3828,20,Male,India,Student
3829,29,Female,Australia,Standard
3830,25,Male,Canada,Premium
3831,24,Female,India,Student
3832,65,Male,India,Basic
3833,37,Male,Canada,Family
3834,33,Male,Canada,Student
3835,36,Female,Canada,Basic
3836,40,Male,Canada,Premium
3837,23,Female,USA,Premium
3838,64,Female,India,Standard
3839,18,Female,India,Standard
3840,65,Female,India,Standard
3841,56,Male,India,Premium
3842,26,Female,India,Premium
3843,65,Male,India,Standard
3844,38,Male,Australia,Family
3845,33,Male,India,Standard
3846,19,Male,India,Student
3847,34,Female,India,Premium
3848,19,Female,India,Student
3849,54,Female,India,Premium
3850,36,Male,Australia,Student
3851,47,Male,India,Family
3852,51,Female,India,Standard
3853,59,Female,India,Standard
3854,37,Male,India,Standard
3855,34,Male,India,Standard
3856,56,Male,India,Standard
3857,63,Female,India,Premium
3858,65,Male,UK,Standard
3859,61,Female,India,Standard
3860,59,Male,USA,Premium
3861,29,Male,India,Basic
3862,64,Male,Australia,Basic
3863,19,Female,India,Student
3864,44,Female,USA,Student
3865,19,Male,Canada,Student
3866,57,Male,India,Premium
3867,57,Male,India,Standard
3868,35,Male,USA,Standard
3869,21,Female,India,Standard
3870,24,Female,Canada,Premium
3871,35,Male,USA,Basic
3872,47,Male,USA,Family
3873,36,Female,India,Student
3874,65,Male,India,Family
3875,64,Male,India,Standard
3876,63,Female,Canada,Basic
3877,56,Male,India,Premium
3878,46,Female,UK,Family
3879,28,Female,UK,Premium
3880,56,Female,Canada,Student
3881,51,Male,India,Family
3882,45,Male,Australia,Basic
3883,53,Female,India,Standard
3884,19,Female,India,Standard
3885,37,Female,India,Family
3886,45,Male,Canada,Premium
3887,57,Female,India,Basic
3888,28,Female,India,Student
3889,36,Male,India,Family
3890,42,Male,India,Standard
3891,50,Female,India,Standard
3892,44,Male,Canada,Basic
3893,28,Male,India,Premium
3894,22,Male,India,Premium
3895,26,Female,Australia,Standard
3896,55,Male,India,Student
3897,57,Female,India,Premium
3898,30,Female,India,Standard
3899,42,Female,Australia,Student
3900,63,Male,India,Student
3901,21,Male,India,Student
3902,21,Female,UK,Standard
3903,64,Female,UK,Basic
3904,47,Male,India,Basic
3905,49,Male,Canada,Student
3906,56,Female,Canada,Basic
3907,45,Male,India,Premium
3908,50,Female,India,Standard
3909,28,Male,India,Family
3910,18,Male,India,Premium
3911,56,Female,UK,Basic
3912,27,Female,India,Standard
3913,27,Female,Canada,Standard
3914,31,Male,India,Standard
3915,59,Female,India,Family
3916,41,Male,India,Standard
3917,38,Female,USA,Basic
3918,30,Male,India,Basic
3919,63,Female,India,Standard
3920,50,Female,USA,Basic
3921,36,Male,India,Basic
3922,50,Female,India,Standard
3923,61,Male,India,Family
3924,54,Male,India,Student
3925,51,Male,India,Premium
3926,61,Female,India,Family
3927,48,Male,India,Standard
3928,64,Male,India,Standard
3929,25,Female,India,Basic
3930,31,Female,Australia,Basic
3931,57,Female,India,Premium
3932,37,Male,India,Student
3933,59,Male,USA,Student
3934,22,Female,India,Standard
3935,40,Male,India,Family
3936,42,Male,India,Premium
3937,48,Male,UK,Basic
3938,36,Female,India,Premium
3939,29,Female,India,Basic
3940,59,Male,India,Basic
3941,18,Male,USA,Premium
3942,44,Male,UK,Standard
3943,21,Male,Australia,Basic
3944,58,Female,India,Standard
3945,41,Female,India,Student
3946,64,Male,India,Student
3947,61,Male,India,Premium
3948,36,Female,India,Family
3949,40,Male,India,Student
3950,32,Male,India,Standard
3951,62,Male,India,Student
3952,58,Female,USA,Basic
3953,56,Female,India,Premium
3954,29,Female,India,Premium
3955,18,Female,India,Standard
3956,63,Female,India,Standard
3957,54,Male,USA,Standard
3958,63,Female,India,Family
3959,55,Female,UK,Student
3960,54,Female,India,Standard
3961,33,Female,India,Family
3962,23,Female,India,Standard
3963,40,Male,India,Student
3964,50,Female,UK,Student
3965,20,Male,India,Basic
3966,35,Male,Canada,Premium
3967,49,Male,India,Premium
3968,34,Female,India,Premium
3969,26,Male,Canada,Student
3970,52,Male,UK,Premium
3971,21,Male,India,Premium
3972,25,Female,India,Basic
3973,48,Male,India,Basic
3974,62,Male,UK,Premium
3975,52,Female,India,Standard
3976,53,Male,India,Premium
3977,58,Female,India,Standard
3978,41,Male,India,Student
3979,39,Male,Australia,Premium
3980,40,Female,India,Family
3981,32,Female,India,Basic
3982,38,Male,India,Premium
3983,56,Female,India,Student
3984,41,Female,Australia,Premium
3985,32,Male,USA,Standard
3986,46,Female,Australia,Student
3987,41,Male,India,Standard
3988,62,Female,India,Premium
3989,54,Female,UK,Basic
3990,48,Female,USA,Basic
3991,54,Female,India,Student
3992,26,Female,India,Premium
3993,50,Female,USA,Standard
3994,58,Male,India,Basic
3995,47,Female,India,Student
3996,62,Female,USA,Premium
3997,34,Female,India,Standard
3998,39,Male,India,Student
3999,45,Female,India,Basic
4000,21,Male,Australia,Standard
4001,61,Male,UK,Basic
4002,63,Male,India,Basic
4003,33,Female,India,Premium
4004,42,Female,India,Standard
4005,42,Female,USA,Family
4006,51,Female,India,Standard
4007,30,Female,UK,Student
4008,51,Female,India,Family
4009,32,Female,Australia,Premium
4010,47,Female,UK,Premium
4011,56,Female,India,Premium
4012,59,Male,India,Student
4013,47,Female,Canada,Student
4014,30,Female,India,Student
4015,26,Female,India,Premium
4016,38,Male,India,Basic
4017,40,Female,India,Standard
4018,46,Female,India,Student
4019,29,Female,India,Premium
4020,25,Male,India,Basic
4021,49,Female,UK,Standard
4022,34,Male,India,Premium
4023,65,Male,India,Premium
4024,26,Male,India,Student
4025,51,Female,India,Standard
4026,60,Male,India,Standard
4027,42,Male,India,Standard
4028,51,Male,Australia,Standard
4029,42,Female,India,Standard
4030,45,Male,India,Standard
4031,46,Male,India,Basic
4032,36,Female,India,Basic
4033,28,Female,India,Student
4034,48,Male,Canada,Standard
4035,43,Female,India,Student
4036,25,Female,India,Student
4037,18,Female,UK,Premium
4038,49,Male,India,Standard
4039,25,Female,India,Premium
4040,39,Female,India,Family
4041,63,Female,India,Premium
4042,21,Male,India,Family
4043,30,Male,Canada,Premium
4044,21,Male,India,Premium
4045,40,Female,UK,Standard
4046,22,Male,India,Premium
4047,61,Female,Canada,Family
4048,37,Female,USA,Family
4049,31,Female,India,Student
4050,43,Female,India,Family
4051,34,Female,India,Standard
4052,41,Female,India,Standard
4053,18,Female,India,Standard
4054,51,Male,India,Basic
4055,22,Male,India,Standard
4056,21,Male,India,Premium
4057,39,Male,Australia,Student
4058,47,Male,India,Premium
4059,38,Female,USA,Student
4060,62,Male,India,Basic
4061,59,Male,USA,Basic
4062,23,Female,India,Premium
4063,57,Female,UK,Premium
4064,59,Male,India,Student
4065,57,Male,India,Family
4066,33,Female,India,Premium
4067,62,Male,UK,Standard
4068,25,Male,Canada,Premium
4069,56,Male,India,Basic
4070,35,Male,India,Standard
4071,34,Female,Canada,Standard
4072,56,Male,Australia,Standard
4073,31,Male,India,Standard
4074,22,Female,India,Student
4075,46,Male,India,Standard
4076,60,Male,India,Family
4077,64,Female,USA,Standard
4078,39,Male,India,Student
4079,25,Female,UK,Family
4080,32,Male,India,Premium
4081,45,Male,India,Premium
4082,40,Male,India,Basic
4083,37,Female,India,Basic
4084,19,Male,India,Student
4085,38,Male,Australia,Basic
4086,50,Female,UK,Premium
4087,24,Male,Australia,Premium
4088,37,Male,India,Student
4089,19,Male,India,Student
4090,44,Female,Australia,Student
4091,54,Female,India,Premium
4092,45,Female,India,Premium
4093,37,Female,USA,Family
4094,59,Male,Australia,Standard
4095,44,Male,India,Premium
4096,36,Male,India,Family
4097,55,Female,India,Standard
4098,56,Male,UK,Standard
4099,45,Male,UK,Standard
4100,35,Female,India,Basic
4101,44,Female,India,Standard
4102,48,Female,India,Student
4103,28,Female,Australia,Basic
4104,64,Female,India,Family
4105,42,Female,India,Basic
4106,43,Female,India,Basic
4107,37,Female,India,Standard
4108,55,Male,India,Standard
4109,32,Female,UK,Family
4110,40,Male,India,Standard
4111,22,Female,India,Standard
4112,57,Male,India,Basic
4113,65,Male,India,Premium
4114,39,Male,India,Family
4115,53,Male,India,Premium
4116,40,Female,India,Student
4117,35,Male,Canada,Student
4118,23,Female,Australia,Premium
4119,37,Male,USA,Premium
4120,38,Male,Canada,Standard
4121,42,Female,Canada,Premium
4122,57,Male,India,Premium
4123,44,Female,India,Premium
4124,33,Male,India,Basic
4125,32,Female,Australia,Standard
4126,60,Male,India,Standard
4127,57,Female,India,Basic
4128,25,Male,India,Basic
4129,50,Female,India,Standard
4130,28,Male,India,Basic
4131,34,Female,India,Family
4132,44,Male,India,Basic
4133,19,Female,UK,Premium
4134,65,Female,India,Basic
4135,46,Female,USA,Standard
4136,30,Male,India,Standard
4137,44,Female,UK,Premium
4138,63,Male,India,Family
4139,33,Female,India,Basic
4140,48,Female,Australia,Family
4141,22,Male,India,Basic
4142,24,Female,India,Basic
4143,20,Female,Canada,Standard
4144,32,Female,India,Basic
4145,46,Female,USA,Standard
4146,21,Male,UK,Basic
4147,58,Female,Australia,Premium
4148,47,Male,Australia,Student
4149,30,Male,USA,Student
4150,30,Female,Australia,Standard
4151,46,Female,India,Premium
4152,59,Male,India,Standard
4153,53,Male,India,Standard
4154,65,Male,India,Premium
4155,36,Female,India,Student
4156,57,Male,India,Student
4157,41,Male,India,Premium
4158,47,Female,Australia,Standard
4159,50,Male,India,Student
4160,58,Male,India,Standard
4161,32,Male,India,Student
4162,35,Female,India,Student
4163,21,Male,India,Basic
4164,41,Female,India,Student
4165,18,Male,USA,Premium
4166,32,Male,India,Student
4167,41,Female,Australia,Family
4168,36,Female,India,Premium
4169,24,Male,India,Premium
4170,29,Female,India,Basic
4171,39,Female,India,Standard
4172,42,Male,Australia,Student
4173,34,Female,Canada,Standard
4174,61,Female,India,Basic
4175,26,Female,India,Premium
4176,63,Male,Australia,Premium
4177,43,Female,India,Student
4178,43,Male,India,Standard
4179,29,Female,India,Basic
4180,45,Female,USA,Premium
4181,18,Female,Canada,Student
4182,63,Male,Canada,Student
4183,62,Male,USA,Student
4184,56,Male,India,Standard
4185,41,Male,India,Student
4186,42,Male,India,Standard
4187,21,Male,India,Basic
4188,45,Male,Canada,Premium
4189,61,Male,UK,Basic
4190,58,Male,India,Basic
4191,45,Male,Canada,Basic
4192,20,Male,USA,Standard
4193,52,Male,India,Premium
4194,19,Male,USA,Standard
4195,25,Male,UK,Basic
4196,29,Female,India,Premium
4197,36,Female,Canada,Basic
4198,27,Male,India,Standard
4199,59,Male,India,Premium
4200,56,Female,USA,Student
4201,59,Male,UK,Student
4202,35,Female,India,Premium
4203,65,Male,UK,Premium
4204,57,Male,India,Standard
4205,33,Female,India,Student
4206,61,Male,UK,Basic
4207,28,Male,India,Family
4208,35,Male,India,Standard
4209,55,Male,USA,Standard
4210,45,Female,USA,Student
4211,65,Female,UK,Premium
4212,48,Female,Canada,Family
4213,26,Female,India,Basic
4214,19,Male,India,Premium
4215,46,Female,India,Premium
4216,36,Female,India,Standard
4217,46,Female,USA,Premium
4218,46,Male,India,Standard
4219,21,Male,India,Basic
4220,49,Female,India,Premium
4221,56,Female,UK,Basic
4222,45,Female,USA,Standard
4223,59,Female,India,Standard
4224,22,Female,India,Family
4225,30,Female,India,Family
4226,25,Male,Australia,Student
4227,61,Male,India,Student
4228,43,Female,UK,Basic
4229,56,Male,USA,Student
4230,58,Male,USA,Premium
4231,45,Female,India,Basic
4232,29,Male,India,Basic
4233,22,Male,Canada,Premium
4234,54,Female,India,Standard
4235,27,Male,India,Family
4236,43,Female,UK,Family
4237,26,Male,UK,Family
4238,58,Male,India,Premium
4239,65,Female,USA,Basic
4240,33,Male,India,Premium
4241,29,Male,India,Premium
4242,35,Female,Australia,Basic
4243,58,Male,India,Basic
4244,53,Male,India,Basic
4245,24,Female,UK,Basic
4246,30,Male,India,Premium
4247,18,Male,UK,Premium
4248,27,Male,Australia,Basic
4249,44,Male,Australia,Standard
4250,36,Female,Canada,Student
4251,28,Female,Canada,Student
4252,63,Female,India,Premium
4253,55,Female,India,Student
4254,42,Female,UK,Basic
4255,42,Male,Australia,Student
4256,49,Female,India,Basic
4257,57,Male,India,Premium
4258,22,Female,Canada,Basic
4259,60,Female,India,Basic
4260,53,Male,USA,Family
4261,51,Male,USA,Student
4262,43,Female,India,Premium
4263,39,Male,India,Basic
4264,18,Female,India,Student
4265,22,Male,UK,Standard
4266,29,Male,India,Family
4267,52,Male,India,Premium
4268,48,Male,USA,Standard
4269,18,Female,India,Basic
4270,59,Male,India,Basic
4271,48,Female,India,Family
4272,41,Male,India,Student
4273,25,Male,Australia,Standard
4274,36,Male,India,Family
4275,40,Female,Australia,Premium
4276,39,Female,India,Student
4277,42,Male,India,Standard
4278,53,Male,India,Standard
4279,54,Female,India,Standard
4280,45,Male,India,Basic
4281,35,Male,India,Student
4282,25,Male,India,Basic
4283,40,Female,India,Basic
4284,19,Female,USA,Standard
4285,23,Female,UK,Premium
4286,57,Male,India,Premium
4287,20,Female,Canada,Standard
4288,38,Female,Canada,Basic
4289,50,Male,India,Basic
4290,48,Female,UK,Basic
4291,54,Male,Canada,Premium
4292,47,Male,India,Standard
4293,49,Male,Canada,Student
4294,50,Male,Australia,Standard
4295,22,Male,India,Premium
4296,18,Female,India,Family
4297,22,Female,India,Basic
4298,56,Female,Australia,Family
4299,23,Male,India,Premium
4300,44,Male,Australia,Basic
4301,51,Female,India,Standard
4302,49,Female,Australia,Standard
4303,38,Female,India,Standard
4304,32,Female,India,Student
4305,21,Female,Australia,Basic
4306,50,Male,USA,Premium
4307,30,Male,India,Premium
4308,52,Female,India,Basic
4309,64,Male,India,Student
4310,36,Male,India,Standard
4311,31,Male,UK,Family
4312,25,Male,India,Basic
4313,19,Male,India,Family
4314,25,Female,India,Premium
4315,37,Male,India,Basic
4316,33,Male,USA,Premium
4317,37,Female,Canada,Standard
4318,19,Female,India,Basic
4319,49,Female,India,Standard
4320,51,Male,UK,Premium
4321,27,Male,India,Student
4322,44,Male,India,Student
4323,36,Male,India,Standard
4324,38,Female,India,Basic
4325,29,Male,India,Standard
4326,61,Male,India,Standard
4327,52,Male,India,Standard
4328,35,Female,Canada,Family
4329,47,Male,India,Standard
4330,27,Male,USA,Standard
4331,65,Female,Canada,Student
4332,60,Male,India,Premium
4333,58,Female,India,Family
4334,31,Male,India,Basic
4335,24,Male,India,Premium
4336,23,Male,USA,Standard
4337,33,Female,India,Student
4338,51,Male,Canada,Basic
4339,41,Male,UK,Student
4340,36,Male,India,Premium
4341,61,Female,India,Premium
4342,40,Female,India,Premium
4343,63,Female,India,Basic
4344,59,Female,India,Standard
4345,64,Male,Canada,Premium
4346,31,Female,Australia,Standard
4347,46,Female,India,Standard
4348,37,Female,India,Basic
4349,56,Female,India,Basic
4350,56,Male,India,Student
4351,21,Male,India,Basic
4352,64,Female,India,Basic
4353,31,Female,UK,Standard
4354,34,Female,India,Standard
4355,27,Female,Australia,Premium
4356,42,Female,India,Family
4357,42,Female,USA,Premium
4358,57,Female,India,Premium
4359,50,Male,India,Basic
4360,39,Male,India,Premium
4361,28,Female,USA,Standard
4362,20,Female,India,Standard
4363,23,Male,Canada,Standard
4364,46,Female,UK,Student
4365,62,Female,UK,Standard
4366,22,Male,India,Student
4367,32,Male,USA,Family
4368,58,Female,India,Standard
4369,50,Male,Australia,Standard
4370,47,Male,India,Standard
4371,33,Female,India,Family
4372,62,Female,Canada,Family
4373,45,Female,India,Premium
4374,47,Male,India,Standard
4375,18,Male,India,Standard
4376,61,Female,India,Basic
4377,44,Female,India,Standard
4378,65,Male,India,Standard
4379,23,Male,India,Premium
4380,54,Female,Canada,Standard
4381,57,Female,India,Standard
4382,27,Male,Canada,Basic
4383,20,Male,India,Basic
4384,38,Female,India,Student
4385,37,Female,Australia,Premium
4386,40,Female,USA,Standard
4387,37,Male,Australia,Standard
4388,35,Male,India,Premium
4389,34,Female,India,Standard
4390,45,Male,India,Premium
4391,43,Male,India,Basic
4392,58,Female,Australia,Family
4393,23,Male,India,Premium
4394,25,Male,UK,Basic
4395,22,Male,India,Student
4396,33,Female,India,Family
4397,36,Female,India,Premium
4398,41,Female,Canada,Standard
4399,33,Male,India,Basic
4400,34,Male,Canada,Family
4401,31,Female,USA,Premium
4402,30,Female,USA,Premium
4403,32,Female,India,Premium
4404,46,Male,Australia,Student
4405,40,Female,India,Standard
4406,19,Male,UK,Standard
4407,34,Male,India,Premium
4408,61,Male,India,Standard
4409,48,Female,India,Student
4410,31,Male,India,Standard
4411,40,Male,Australia,Student
4412,53,Male,UK,Student
4413,59,Male,India,Family
4414,53,Male,India,Basic
4415,26,Female,Canada,Student
4416,40,Male,India,Premium
4417,54,Male,Canada,Standard
4418,21,Female,India,Standard
4419,19,Male,Canada,Premium
4420,25,Female,India,Basic
4421,53,Male,India,Standard
4422,26,Female,Australia,Student
4423,50,Female,India,Premium
4424,24,Female,India,Student
4425,58,Female,India,Standard
4426,41,Male,India,Standard
4427,52,Male,Canada,Premium
4428,54,Male,India,Family
4429,49,Male,Australia,Standard
4430,32,Female,India,Standard
4431,57,Male,India,Family
4432,45,Female,India,Student
4433,28,Male,India,Standard
4434,45,Male,Australia,Standard
4435,49,Male,India,Student
4436,36,Female,India,Basic
4437,35,Male,Australia,Family
4438,52,Male,India,Standard
4439,23,Female,Canada,Basic
4440,37,Female,USA,Family
4441,57,Female,Canada,Premium
4442,37,Male,India,Standard
4443,45,Male,Australia,Family
4444,26,Female,India,Standard
4445,25,Female,India,Premium
4446,50,Male,India,Family
4447,36,Female,UK,Premium
4448,53,Male,India,Standard
4449,48,Male,India,Student
4450,52,Female,Australia,Student
4451,56,Female,Canada,Student
4452,54,Female,India,Standard
4453,62,Male,India,Premium
4454,57,Female,India,Premium
4455,51,Female,USA,Standard
4456,23,Male,India,Family
4457,65,Female,USA,Standard
4458,37,Female,India,Standard
4459,24,Female,India,Standard
4460,54,Female,Canada,Standard
4461,18,Female,India,Student
4462,50,Female,India,Standard
4463,32,Female,India,Student
4464,46,Female,India,Standard
4465,47,Male,UK,Premium
4466,52,Female,India,Basic
4467,20,Male,Canada,Premium
4468,49,Female,India,Basic
4469,61,Female,India,Premium
4470,53,Male,Canada,Basic
4471,50,Male,India,Family
4472,38,Male,India,Standard
4473,21,Female,India,Basic
4474,37,Male,India,Student
4475,49,Female,India,Student
4476,51,Male,India,Premium
4477,24,Female,India,Basic
4478,54,Female,India,Basic
4479,51,Male,USA,Standard
4480,46,Female,UK,Family
4481,45,Male,India,Family
4482,49,Male,USA,Standard
4483,27,Male,India,Student
4484,53,Female,USA,Basic
4485,36,Female,India,Student
4486,49,Male,India,Basic
4487,45,Female,India,Standard
4488,19,Female,India,Student
4489,41,Female,India,Student
4490,56,Female,UK,Premium
4491,21,Male,UK,Premium
4492,51,Female,India,Basic
4493,56,Female,India,Standard
4494,61,Male,Australia,Premium
4495,18,Female,USA,Premium
4496,41,Male,USA,Student
4497,43,Male,India,Student
4498,32,Female,India,Standard
4499,23,Male,Canada,Premium
4500,49,Male,India,Standard
4501,54,Female,India,Basic
4502,46,Female,India,Standard
4503,60,Female,UK,Premium
4504,33,Female,India,Basic
4505,40,Female,India,Family
4506,36,Male,UK,Standard
4507,28,Female,Canada,Premium
4508,62,Male,USA,Student
4509,58,Male,India,Student
4510,30,Female,Canada,Basic
4511,52,Female,India,Standard
4512,57,Female,India,Premium
4513,48,Male,India,Family
4514,18,Female,India,Standard
4515,49,Female,India,Standard
4516,19,Male,India,Standard
4517,47,Male,India,Standard
4518,29,Male,India,Basic
4519,62,Male,Australia,Premium
4520,58,Male,India,Basic
4521,62,Male,India,Student
4522,40,Female,India,Basic
4523,40,Male,UK,Family
4524,19,Female,India,Student
4525,49,Female,UK,Standard
4526,28,Female,India,Premium
4527,52,Male,India,Student
4528,39,Male,India,Standard
4529,32,Male,India,Student
4530,31,Male,USA,Family
4531,42,Male,India,Basic
4532,41,Male,Canada,Basic
4533,25,Female,UK,Standard
4534,22,Female,USA,Standard
4535,51,Male,India,Standard
4536,25,Female,Australia,Premium
4537,40,Female,India,Premium
4538,51,Male,India,Premium
4539,30,Female,India,Standard
4540,27,Male,UK,Student
4541,53,Female,India,Standard
4542,23,Female,India,Basic
4543,33,Female,India,Basic
4544,58,Female,India,Standard
4545,35,Female,India,Basic
4546,39,Male,India,Basic
4547,32,Female,Canada,Basic
4548,28,Female,India,Premium
4549,38,Male,Australia,Premium
4550,34,Male,Australia,Basic
4551,60,Female,India,Premium
4552,34,Female,USA,Student
4553,42,Female,India,Family
4554,26,Male,India,Student
4555,62,Male,USA,Basic
4556,47,Male,India,Standard
4557,34,Male,India,Standard
4558,20,Female,India,Standard
4559,60,Female,India,Standard
4560,19,Male,India,Standard
4561,54,Male,India,Standard
4562,42,Female,USA,Standard
4563,23,Female,India,Premium
4564,24,Male,USA,Basic
4565,25,Male,India,Standard
4566,56,Female,India,Standard
4567,61,Male,Australia,Standard
4568,35,Female,India,Standard
4569,48,Female,UK,Premium
4570,22,Male,India,Family
4571,62,Female,India,Standard
4572,45,Female,UK,Premium
4573,29,Male,India,Premium
4574,33,Male,India,Premium
4575,62,Female,India,Premium
4576,62,Female,USA,Standard
4577,59,Female,India,Standard
4578,40,Female,India,Basic
4579,25,Female,Australia,Family
4580,53,Male,Australia,Basic
4581,41,Male,India,Student
4582,50,Male,India,Premium
4583,21,Male,India,Standard
4584,24,Female,India,Basic
4585,41,Male,Australia,Standard
4586,42,Female,India,Student
4587,49,Female,India,Student
4588,62,Male,USA,Standard
4589,64,Female,UK,Premium
4590,60,Female,UK,Standard
4591,29,Female,India,Basic
4592,25,Female,UK,Standard
4593,40,Male,Canada,Premium
4594,32,Male,India,Family
4595,57,Male,Australia,Basic
4596,23,Male,UK,Standard
4597,35,Male,Canada,Family
4598,24,Female,India,Premium
4599,45,Male,India,Standard
4600,59,Female,India,Basic
4601,65,Female,USA,Basic
4602,37,Male,Canada,Basic
4603,37,Female,Canada,Student
4604,60,Female,India,Student
4605,50,Female,India,Basic
4606,29,Male,USA,Basic
4607,42,Female,India,Student
4608,46,Female,India,Basic
4609,27,Female,India,Student
4610,34,Female,India,Student
4611,60,Male,India,Family
4612,65,Male,India,Standard
4613,34,Male,India,Standard
4614,33,Male,USA,Standard
4615,64,Female,UK,Premium
4616,31,Female,India,Standard
4617,35,Female,India,Premium
4618,28,Male,Canada,Basic
4619,49,Female,India,Student
4620,29,Male,India,Standard
4621,27,Female,India,Premium
4622,19,Male,India,Standard
4623,32,Female,India,Standard
4624,19,Female,India,Student
4625,28,Male,UK,Standard
4626,58,Female,India,Student
4627,36,Female,India,Basic
4628,51,Male,India,Standard
4629,24,Female,India,Premium
4630,48,Male,India,Premium
4631,55,Female,India,Standard
4632,55,Male,India,Student
4633,44,Female,India,Standard
4634,47,Male,India,Student
4635,21,Female,Australia,Basic
4636,28,Male,Canada,Family
4637,36,Female,UK,Premium
4638,61,Female,India,Basic
4639,40,Female,India,Student
4640,37,Female,India,Standard
4641,34,Male,Canada,Student
4642,37,Male,UK,Basic
4643,62,Male,UK,Premium
4644,21,Male,USA,Basic
4645,48,Male,India,Premium
4646,29,Male,India,Student
4647,23,Male,India,Basic
4648,46,Female,India,Student
4649,26,Female,India,Student
4650,26,Male,Canada,Basic
4651,51,Female,India,Premium
4652,34,Male,India,Basic
4653,61,Male,India,Standard
4654,18,Male,Australia,Premium
4655,57,Male,India,Premium
4656,37,Female,India,Standard
4657,26,Male,Australia,Standard
4658,34,Male,UK,Standard
4659,40,Male,India,Standard
4660,42,Female,UK,Family
4661,20,Male,India,Standard
4662,33,Male,India,Basic
4663,44,Female,India,Standard
4664,58,Female,Australia,Student
4665,28,Female,India,Premium
4666,29,Female,India,Basic
4667,36,Female,India,Basic
4668,54,Female,Canada,Standard
4669,47,Female,India,Basic
4670,37,Female,India,Basic
4671,24,Male,India,Premium
4672,27,Female,India,Standard
4673,18,Male,India,Basic
4674,26,Male,India,Premium
4675,36,Male,Canada,Family
4676,51,Male,Australia,Basic
4677,26,Female,India,Basic
4678,60,Female,India,Premium
4679,32,Male,India,Student
4680,41,Male,India,Premium
4681,52,Male,India,Premium
4682,48,Male,India,Basic
4683,50,Female,Australia,Student
4684,26,Male,India,Standard
4685,39,Male,Australia,Standard
4686,65,Female,India,Basic
4687,45,Male,India,Standard
4688,37,Female,India,Family
4689,39,Male,USA,Student
4690,40,Male,India,Family
4691,23,Female,India,Student
4692,54,Male,India,Family
4693,57,Male,USA,Student
4694,33,Male,India,Standard
4695,43,Male,Australia,Standard
4696,56,Female,India,Basic
4697,52,Female,India,Standard
4698,28,Male,India,Standard
4699,64,Female,India,Standard
4700,65,Male,India,Premium
4701,39,Male,India,Premium
4702,57,Female,India,Basic
4703,49,Female,UK,Standard
4704,36,Male,India,Premium
4705,59,Male,Australia,Basic
4706,33,Male,India,Premium
4707,34,Male,USA,Premium
4708,63,Male,USA,Premium
4709,41,Female,India,Premium
4710,63,Male,India,Premium
4711,56,Female,India,Basic
4712,65,Female,India,Premium
4713,33,Female,India,Standard
4714,23,Male,USA,Basic
4715,42,Male,USA,Standard
4716,57,Male,USA,Basic
4717,38,Male,Australia,Standard
4718,60,Female,USA,Student
4719,59,Female,India,Student
4720,51,Male,USA,Premium
4721,63,Female,India,Basic
4722,54,Female,India,Family
4723,58,Male,India,Premium
4724,19,Male,India,Family
4725,45,Female,India,Student
4726,23,Male,India,Basic
4727,30,Male,Australia,Premium
4728,44,Female,India,Student
4729,31,Male,India,Student
4730,61,Female,India,Basic
4731,49,Female,UK,Basic
4732,31,Female,India,Standard
4733,46,Female,USA,Premium
4734,64,Female,Australia,Student
4735,57,Male,India,Student
4736,33,Female,India,Premium
4737,53,Male,India,Basic
4738,20,Female,India,Standard
4739,33,Male,UK,Premium
4740,61,Male,India,Basic
4741,33,Female,UK,Basic
4742,49,Male,India,Basic
4743,62,Female,Australia,Family
4744,46,Male,India,Student
4745,29,Male,India,Standard
4746,34,Female,Australia,Premium
4747,41,Male,India,Premium
4748,43,Male,India,Premium
4749,50,Male,India,Basic
4750,43,Male,Australia,Family
4751,25,Female,Australia,Basic
4752,64,Male,India,Premium
4753,54,Male,India,Basic
4754,52,Female,India,Family
4755,30,Male,Canada,Premium
4756,53,Male,India,Premium
4757,57,Male,India,Premium
4758,34,Female,India,Student
4759,63,Male,India,Standard
4760,36,Female,India,Basic
4761,27,Male,USA,Basic
4762,45,Female,India,Family
4763,41,Female,India,Premium
4764,26,Male,India,Premium
4765,45,Male,India,Student
4766,41,Male,India,Premium
4767,26,Female,India,Standard
4768,24,Male,India,Standard
4769,28,Male,India,Premium
4770,44,Female,Australia,Basic
4771,65,Male,USA,Premium
4772,43,Male,India,Family
4773,61,Female,UK,Basic
4774,55,Female,India,Basic
4775,27,Male,India,Student
4776,60,Male,Canada,Basic
4777,42,Male,India,Basic
4778,31,Female,India,Student
4779,51,Female,Australia,Premium
4780,49,Female,Canada,Basic
4781,65,Female,India,Standard
4782,56,Female,India,Basic
4783,44,Female,India,Student
4784,27,Female,India,Standard
4785,52,Male,Canada,Basic
4786,26,Female,India,Basic
4787,30,Male,India,Family
4788,55,Male,Canada,Standard
4789,19,Male,India,Basic
4790,50,Female,India,Family
4791,35,Male,India,Premium
4792,29,Female,Australia,Basic
4793,47,Male,India,Family
4794,28,Male,India,Premium
4795,31,Male,India,Standard
4796,29,Female,India,Premium
4797,54,Female,India,Family
4798,61,Male,USA,Basic
4799,26,Male,India,Premium
4800,46,Female,India,Standard
4801,23,Female,India,Premium
4802,53,Female,India,Premium
4803,39,Male,India,Basic
4804,58,Female,Canada,Premium
4805,29,Female,India,Family
4806,18,Female,USA,Standard
4807,58,Male,India,Premium
4808,50,Female,Canada,Basic
4809,22,Male,India,Family
4810,32,Female,USA,Student
4811,40,Female,India,Student
4812,64,Female,India,Premium
4813,33,Female,Canada,Family
4814,63,Female,India,Standard
4815,44,Female,Australia,Premium
4816,48,Female,India,Premium
4817,23,Female,India,Premium
4818,37,Male,Australia,Premium
4819,63,Female,USA,Student
4820,35,Male,India,Basic
4821,38,Female,Canada,Standard
4822,35,Male,USA,Standard
4823,62,Female,UK,Basic
4824,46,Male,Australia,Student
4825,44,Male,UK,Student
4826,32,Female,UK,Standard
4827,41,Male,USA,Premium
4828,51,Female,India,Standard
4829,50,Female,India,Basic
4830,20,Female,USA,Student
4831,45,Female,Australia,Premium
4832,19,Male,Australia,Student
4833,26,Female,India,Premium
4834,35,Male,Canada,Standard
4835,47,Male,USA,Family
4836,59,Female,UK,Basic
4837,46,Male,USA,Basic
4838,45,Female,Canada,Basic
4839,50,Male,USA,Basic
4840,46,Male,India,Student
4841,53,Female,India,Student
4842,37,Male,UK,Basic
4843,42,Female,Canada,Premium
4844,47,Male,Canada,Standard
4845,46,Male,India,Standard
4846,49,Male,India,Standard
4847,48,Female,Australia,Basic
4848,18,Female,India,Basic
4849,25,Female,India,Premium
4850,33,Female,India,Premium
4851,26,Female,India,Premium
4852,65,Female,UK,Standard
4853,58,Male,USA,Basic
4854,58,Female,India,Standard
4855,21,Male,India,Standard
4856,64,Male,India,Student
4857,56,Male,India,Premium
4858,40,Female,India,Premium
4859,21,Male,India,Family
4860,45,Male,India,Basic
4861,26,Female,UK,Premium
4862,30,Female,India,Premium
4863,64,Male,USA,Student
4864,26,Male,India,Standard
4865,55,Female,India,Basic
4866,62,Female,India,Basic
4867,64,Female,India,Basic
4868,18,Male,India,Premium
4869,39,Female,India,Basic
4870,58,Male,India,Premium
4871,61,Male,India,Standard
4872,41,Male,Canada,Family
4873,35,Female,India,Premium
4874,64,Female,UK,Premium
4875,23,Female,India,Standard
4876,61,Female,India,Premium
4877,35,Female,India,Premium
4878,52,Female,India,Basic
4879,61,Male,India,Basic
4880,42,Male,Canada,Standard
4881,18,Female,India,Standard
4882,40,Male,India,Basic
4883,36,Female,India,Standard
4884,43,Male,USA,Basic
4885,57,Male,USA,Basic
4886,49,Female,India,Standard
4887,57,Male,Canada,Premium
4888,34,Female,India,Student
4889,29,Female,India,Premium
4890,56,Female,India,Standard
4891,53,Male,India,Standard
4892,46,Male,Australia,Basic
4893,23,Male,India,Standard
4894,39,Female,India,Basic
4895,57,Male,UK,Basic
4896,37,Female,India,Basic
4897,30,Female,USA,Premium
4898,55,Female,UK,Basic
4899,33,Female,India,Premium
4900,54,Female,Australia,Family
4901,39,Male,India,Standard
4902,53,Male,USA,Basic
4903,28,Male,India,Basic
4904,41,Female,India,Standard
4905,32,Male,UK,Standard
4906,32,Female,India,Standard
4907,63,Male,Australia,Student
4908,38,Male,India,Student
4909,34,Male,Canada,Premium
4910,20,Female,India,Standard
4911,39,Male,India,Standard
4912,26,Female,India,Basic
4913,54,Male,India,Premium
4914,31,Female,India,Basic
4915,26,Female,India,Basic
4916,50,Male,India,Standard
4917,48,Male,India,Student
4918,60,Male,India,Premium
4919,33,Male,India,Standard
4920,20,Male,India,Student
4921,51,Male,Australia,Standard
4922,62,Male,Australia,Family
4923,56,Male,Canada,Standard
4924,30,Male,India,Standard
4925,18,Male,India,Standard
4926,46,Female,India,Student
4927,20,Female,Canada,Basic
4928,58,Male,Australia,Standard
4929,22,Female,USA,Student
4930,52,Male,India,Basic
4931,43,Female,India,Premium
4932,20,Male,India,Premium
4933,58,Male,India,Premium
4934,41,Female,USA,Student
4935,64,Female,USA,Premium
4936,47,Male,India,Standard
4937,45,Male,India,Standard
4938,53,Male,India,Standard
4939,45,Female,India,Standard
4940,49,Male,India,Basic
4941,62,Male,India,Premium
4942,47,Male,India,Student
4943,34,Female,India,Premium
4944,20,Male,India,Premium
4945,41,Male,India,Premium
4946,49,Female,India,Premium
4947,53,Male,India,Student
4948,32,Male,India,Premium
4949,41,Male,Australia,Student
4950,47,Female,India,Student
4951,53,Male,USA,Basic
4952,30,Male,India,Standard
4953,53,Male,India,Standard
4954,50,Male,Canada,Student
4955,60,Female,USA,Standard
4956,24,Male,USA,Student
4957,29,Female,Canada,Premium
4958,42,Male,India,Family
4959,31,Male,India,Basic
4960,39,Female,India,Standard
4961,41,Male,India,Premium
4963,33,Male,India,Standard
4964,54,Male,India,Premium
4965,49,Female,India,Premium
4966,51,Female,India,Premium
4967,45,Female,India,Standard
4968,43,Male,USA,Premium
4969,47,Male,India,Premium
4970,24,Male,Canada,Basic
4971,24,Female,India,Student
4972,32,Male,India,Standard
4973,33,Male,UK,Basic
4974,56,Male,Canada,Standard
4975,40,Male,India,Standard
4976,55,Female,India,Family
4977,21,Male,UK,Standard
4978,46,Female,India,Premium
4979,43,Female,India,Standard
4980,58,Female,India,Premium
4981,57,Male,India,Standard
4982,26,Female,Australia,Basic
4983,52,Male,India,Premium
4984,59,Female,Australia,Standard
4985,28,Female,USA,Basic
4986,26,Male,Australia,Basic
4987,59,Female,India,Premium
4988,23,Female,India,Standard
4989,60,Male,India,Family
4990,24,Female,Australia,Premium
4991,43,Male,India,Premium
4992,48,Female,India,Premium
4993,55,Female,India,Student
4994,34,Male,USA,Standard
4995,62,Female,India,Standard
4996,60,Male,Australia,Student
4997,18,Female,UK,Standard
4998,46,Female,India,Standard
4999,60,Male,India,Standard
5000,21,Male,USA,Basic
